timestamp,war_number,war_time,minutes_since_war_start,map_name,day_of_war,total_enlistments,colonial_casualties,warden_casualties
2025-06-24T00:28:28.843918+00:00,126,5d 6h 58m,7618,TheFingersHex,128,862,287,159
2025-06-24T00:28:28.843918+00:00,126,5d 6h 58m,7618,TempestIslandHex,128,3401,11267,9308
2025-06-24T00:28:28.843918+00:00,126,5d 6h 58m,7618,GreatMarchHex,128,2029,818,14
2025-06-24T00:28:28.843918+00:00,126,5d 6h 58m,7618,MarbanHollow,128,7604,63460,68736
2025-06-24T00:28:28.843918+00:00,126,5d 6h 58m,7618,ViperPitHex,128,2773,329,666
2025-06-24T00:28:28.843918+00:00,126,5d 6h 58m,7618,BasinSionnachHex,128,2194,21,769
2025-06-24T00:28:28.843918+00:00,126,5d 6h 58m,7618,StemaLandingHex,128,1138,1973,1750
2025-06-24T00:28:28.843918+00:00,126,5d 6h 58m,7618,DeadLandsHex,128,7132,30764,36201
2025-06-24T00:28:28.843918+00:00,126,5d 6h 58m,7618,HeartlandsHex,128,2441,517,82
2025-06-24T00:28:28.843918+00:00,126,5d 6h 58m,7618,EndlessShoreHex,128,6250,48024,44645
2025-06-24T00:28:28.843918+00:00,126,5d 6h 58m,7618,WestgateHex,128,2828,2213,2422
2025-06-24T00:28:28.843918+00:00,126,5d 6h 58m,7618,OarbreakerHex,128,969,24,306
2025-06-24T00:28:28.843918+00:00,126,5d 6h 58m,7618,AcrithiaHex,128,2178,427,20
2025-06-24T00:28:28.843918+00:00,126,5d 6h 58m,7618,MooringCountyHex,128,2057,6,126
2025-06-24T00:28:28.843918+00:00,126,5d 6h 58m,7618,WeatheredExpanseHex,128,2899,639,947
2025-06-24T00:28:28.843918+00:00,126,5d 6h 58m,7618,ReaversPassHex,128,1180,909,433
2025-06-24T00:28:28.843918+00:00,126,5d 6h 58m,7618,MorgensCrossingHex,128,1773,104,807
2025-06-24T00:28:28.843918+00:00,126,5d 6h 58m,7618,LochMorHex,128,6513,22494,29150
2025-06-24T00:28:28.843918+00:00,126,5d 6h 58m,7618,StonecradleHex,128,2478,43,410
2025-06-24T00:28:28.843918+00:00,126,5d 6h 58m,7618,KalokaiHex,128,1555,264,14
2025-06-24T00:28:28.843918+00:00,126,5d 6h 58m,7618,AllodsBightHex,128,2862,908,751
2025-06-24T00:28:28.843918+00:00,126,5d 6h 58m,7618,RedRiverHex,128,1563,352,8
2025-06-24T00:28:28.843918+00:00,126,5d 6h 58m,7618,OriginHex,128,1529,412,113
2025-06-24T00:28:28.843918+00:00,126,5d 6h 58m,7618,HowlCountyHex,128,2076,27,483
2025-06-24T00:28:28.843918+00:00,126,5d 6h 58m,7618,ClahstraHex,128,7496,59491,60416
2025-06-24T00:28:28.843918+00:00,126,5d 6h 58m,7618,SpeakingWoodsHex,128,2415,15,495
2025-06-24T00:28:28.843918+00:00,126,5d 6h 58m,7618,ShackledChasmHex,128,1743,27,7
2025-06-24T00:28:28.843918+00:00,126,5d 6h 58m,7618,TerminusHex,128,2033,882,23
2025-06-24T00:28:28.843918+00:00,126,5d 6h 58m,7618,LinnMercyHex,128,5193,21320,14837
2025-06-24T00:28:28.843918+00:00,126,5d 6h 58m,7618,ClansheadValleyHex,128,2711,32,957
2025-06-24T00:28:28.843918+00:00,126,5d 6h 58m,7618,GodcroftsHex,128,946,121,253
2025-06-24T00:28:28.843918+00:00,126,5d 6h 58m,7618,NevishLineHex,128,1213,142,220
2025-06-24T00:28:28.843918+00:00,126,5d 6h 58m,7618,CallumsCapeHex,128,2377,41,769
2025-06-24T00:28:28.843918+00:00,126,5d 6h 58m,7618,FishermansRowHex,128,2695,6235,6666
2025-06-24T00:28:28.843918+00:00,126,5d 6h 58m,7618,UmbralWildwoodHex,128,1960,247,61
2025-06-24T00:28:28.843918+00:00,126,5d 6h 58m,7618,ReachingTrailHex,128,2644,14,695
2025-06-24T00:28:28.843918+00:00,126,5d 6h 58m,7618,StlicanShelfHex,128,1982,268,452
2025-06-24T00:28:28.843918+00:00,126,5d 6h 58m,7618,CallahansPassageHex,128,8231,70963,52099
2025-06-24T00:28:28.843918+00:00,126,5d 6h 58m,7618,KingsCageHex,128,7077,53049,48944
2025-06-24T00:28:28.843918+00:00,126,5d 6h 58m,7618,AshFieldsHex,128,2299,745,14
2025-06-24T00:28:28.843918+00:00,126,5d 6h 58m,7618,DrownedValeHex,128,1824,126,58
2025-06-24T00:28:28.843918+00:00,126,5d 6h 58m,7618,FarranacCoastHex,128,8422,66566,63606
2025-06-24T00:28:28.843918+00:00,126,5d 6h 58m,7618,SableportHex,128,2499,933,709
2025-06-24T00:43:42.903728+00:00,126,5d 7h 13m,7633,TheFingersHex,128,863,287,159
2025-06-24T00:43:42.903728+00:00,126,5d 7h 13m,7633,TempestIslandHex,128,3402,11267,9308
2025-06-24T00:43:42.903728+00:00,126,5d 7h 13m,7633,GreatMarchHex,128,2032,818,14
2025-06-24T00:43:42.903728+00:00,126,5d 7h 13m,7633,MarbanHollow,128,7618,63623,68910
2025-06-24T00:43:42.903728+00:00,126,5d 7h 13m,7633,ViperPitHex,128,2775,329,666
2025-06-24T00:43:42.903728+00:00,126,5d 7h 13m,7633,BasinSionnachHex,128,2198,21,770
2025-06-24T00:43:42.903728+00:00,126,5d 7h 13m,7633,StemaLandingHex,128,1140,1973,1750
2025-06-24T00:43:42.903728+00:00,126,5d 7h 13m,7633,DeadLandsHex,128,7133,30764,36201
2025-06-24T00:43:42.903728+00:00,126,5d 7h 13m,7633,HeartlandsHex,128,2443,518,82
2025-06-24T00:43:42.903728+00:00,126,5d 7h 13m,7633,EndlessShoreHex,128,6284,48120,44786
2025-06-24T00:43:42.903728+00:00,126,5d 7h 13m,7633,WestgateHex,128,2833,2215,2425
2025-06-24T00:43:42.903728+00:00,126,5d 7h 13m,7633,OarbreakerHex,128,970,24,307
2025-06-24T00:43:42.903728+00:00,126,5d 7h 13m,7633,AcrithiaHex,128,2180,428,20
2025-06-24T00:43:42.903728+00:00,126,5d 7h 13m,7633,MooringCountyHex,128,2061,6,126
2025-06-24T00:43:42.903728+00:00,126,5d 7h 13m,7633,WeatheredExpanseHex,128,2900,639,949
2025-06-24T00:43:42.903728+00:00,126,5d 7h 13m,7633,ReaversPassHex,128,1181,909,434
2025-06-24T00:43:42.903728+00:00,126,5d 7h 13m,7633,MorgensCrossingHex,128,1773,104,807
2025-06-24T00:43:42.903728+00:00,126,5d 7h 13m,7633,LochMorHex,128,6521,22542,29194
2025-06-24T00:43:42.903728+00:00,126,5d 7h 13m,7633,StonecradleHex,128,2481,43,411
2025-06-24T00:43:42.903728+00:00,126,5d 7h 13m,7633,KalokaiHex,128,1555,266,14
2025-06-24T00:43:42.903728+00:00,126,5d 7h 13m,7633,AllodsBightHex,128,2866,909,751
2025-06-24T00:43:42.903728+00:00,126,5d 7h 13m,7633,RedRiverHex,128,1568,353,8
2025-06-24T00:43:42.903728+00:00,126,5d 7h 13m,7633,OriginHex,128,1529,413,113
2025-06-24T00:43:42.903728+00:00,126,5d 7h 13m,7633,HowlCountyHex,128,2078,27,483
2025-06-24T00:43:42.903728+00:00,126,5d 7h 13m,7633,ClahstraHex,128,7498,59560,60488
2025-06-24T00:43:42.903728+00:00,126,5d 7h 13m,7633,SpeakingWoodsHex,128,2416,15,495
2025-06-24T00:43:42.903728+00:00,126,5d 7h 13m,7633,ShackledChasmHex,128,1745,27,7
2025-06-24T00:43:42.903728+00:00,126,5d 7h 13m,7633,TerminusHex,128,2034,884,23
2025-06-24T00:43:42.903728+00:00,126,5d 7h 13m,7633,LinnMercyHex,128,5198,21350,14897
2025-06-24T00:43:42.903728+00:00,126,5d 7h 13m,7633,ClansheadValleyHex,128,2713,32,957
2025-06-24T00:43:42.903728+00:00,126,5d 7h 13m,7633,GodcroftsHex,128,947,121,253
2025-06-24T00:43:42.903728+00:00,126,5d 7h 13m,7633,NevishLineHex,128,1215,142,220
2025-06-24T00:43:42.903728+00:00,126,5d 7h 13m,7633,CallumsCapeHex,128,2381,41,770
2025-06-24T00:43:42.903728+00:00,126,5d 7h 13m,7633,FishermansRowHex,128,2700,6248,6675
2025-06-24T00:43:42.903728+00:00,126,5d 7h 13m,7633,UmbralWildwoodHex,128,1960,247,61
2025-06-24T00:43:42.903728+00:00,126,5d 7h 13m,7633,ReachingTrailHex,128,2647,14,695
2025-06-24T00:43:42.903728+00:00,126,5d 7h 13m,7633,StlicanShelfHex,128,1984,268,452
2025-06-24T00:43:42.903728+00:00,126,5d 7h 13m,7633,CallahansPassageHex,128,8234,71073,52187
2025-06-24T00:43:42.903728+00:00,126,5d 7h 13m,7633,KingsCageHex,128,7085,53189,49047
2025-06-24T00:43:42.903728+00:00,126,5d 7h 13m,7633,AshFieldsHex,128,2302,751,14
2025-06-24T00:43:42.903728+00:00,126,5d 7h 13m,7633,DrownedValeHex,128,1825,126,58
2025-06-24T00:43:42.903728+00:00,126,5d 7h 13m,7633,FarranacCoastHex,128,8430,66631,63676
2025-06-24T00:43:42.903728+00:00,126,5d 7h 13m,7633,SableportHex,128,2501,934,709
2025-06-24T00:58:57.221181+00:00,126,5d 7h 28m,7648,TheFingersHex,128,865,288,159
2025-06-24T00:58:57.221181+00:00,126,5d 7h 28m,7648,TempestIslandHex,128,3403,11268,9311
2025-06-24T00:58:57.221181+00:00,126,5d 7h 28m,7648,GreatMarchHex,128,2036,820,14
2025-06-24T00:58:57.221181+00:00,126,5d 7h 28m,7648,MarbanHollow,128,7625,63717,68995
2025-06-24T00:58:57.221181+00:00,126,5d 7h 28m,7648,ViperPitHex,128,2775,329,666
2025-06-24T00:58:57.221181+00:00,126,5d 7h 28m,7648,BasinSionnachHex,128,2199,21,770
2025-06-24T00:58:57.221181+00:00,126,5d 7h 28m,7648,StemaLandingHex,128,1140,1974,1750
2025-06-24T00:58:57.221181+00:00,126,5d 7h 28m,7648,DeadLandsHex,128,7136,30764,36201
2025-06-24T00:58:57.221181+00:00,126,5d 7h 28m,7648,HeartlandsHex,128,2444,518,83
2025-06-24T00:58:57.221181+00:00,126,5d 7h 28m,7648,EndlessShoreHex,128,6291,48170,44831
2025-06-24T00:58:57.221181+00:00,126,5d 7h 28m,7648,WestgateHex,128,2836,2219,2426
2025-06-24T00:58:57.221181+00:00,126,5d 7h 28m,7648,OarbreakerHex,128,970,24,307
2025-06-24T00:58:57.221181+00:00,126,5d 7h 28m,7648,AcrithiaHex,128,2183,428,20
2025-06-24T00:58:57.221181+00:00,126,5d 7h 28m,7648,MooringCountyHex,128,2061,6,126
2025-06-24T00:58:57.221181+00:00,126,5d 7h 28m,7648,WeatheredExpanseHex,128,2902,639,949
2025-06-24T00:58:57.221181+00:00,126,5d 7h 28m,7648,ReaversPassHex,128,1184,909,436
2025-06-24T00:58:57.221181+00:00,126,5d 7h 28m,7648,MorgensCrossingHex,128,1774,104,807
2025-06-24T00:58:57.221181+00:00,126,5d 7h 28m,7648,LochMorHex,128,6523,22568,29214
2025-06-24T00:58:57.221181+00:00,126,5d 7h 28m,7648,StonecradleHex,128,2482,43,411
2025-06-24T00:58:57.221181+00:00,126,5d 7h 28m,7648,KalokaiHex,128,1556,266,14
2025-06-24T00:58:57.221181+00:00,126,5d 7h 28m,7648,AllodsBightHex,128,2869,910,754
2025-06-24T00:58:57.221181+00:00,126,5d 7h 28m,7648,RedRiverHex,128,1568,354,8
2025-06-24T00:58:57.221181+00:00,126,5d 7h 28m,7648,OriginHex,128,1532,413,116
2025-06-24T00:58:57.221181+00:00,126,5d 7h 28m,7648,HowlCountyHex,128,2084,27,486
2025-06-24T00:58:57.221181+00:00,126,5d 7h 28m,7648,ClahstraHex,128,7513,59746,60661
2025-06-24T00:58:57.221181+00:00,126,5d 7h 28m,7648,SpeakingWoodsHex,128,2419,15,495
2025-06-24T00:58:57.221181+00:00,126,5d 7h 28m,7648,ShackledChasmHex,128,1745,27,7
2025-06-24T00:58:57.221181+00:00,126,5d 7h 28m,7648,TerminusHex,128,2036,884,23
2025-06-24T00:58:57.221181+00:00,126,5d 7h 28m,7648,LinnMercyHex,128,5208,21424,14974
2025-06-24T00:58:57.221181+00:00,126,5d 7h 28m,7648,ClansheadValleyHex,128,2714,32,957
2025-06-24T00:58:57.221181+00:00,126,5d 7h 28m,7648,GodcroftsHex,128,947,121,253
2025-06-24T00:58:57.221181+00:00,126,5d 7h 28m,7648,NevishLineHex,128,1217,142,220
2025-06-24T00:58:57.221181+00:00,126,5d 7h 28m,7648,CallumsCapeHex,128,2382,41,774
2025-06-24T00:58:57.221181+00:00,126,5d 7h 28m,7648,FishermansRowHex,128,2700,6248,6677
2025-06-24T00:58:57.221181+00:00,126,5d 7h 28m,7648,UmbralWildwoodHex,128,1961,247,61
2025-06-24T00:58:57.221181+00:00,126,5d 7h 28m,7648,ReachingTrailHex,128,2652,15,699
2025-06-24T00:58:57.221181+00:00,126,5d 7h 28m,7648,StlicanShelfHex,128,1984,268,452
2025-06-24T00:58:57.221181+00:00,126,5d 7h 28m,7648,CallahansPassageHex,128,8247,71247,52349
2025-06-24T00:58:57.221181+00:00,126,5d 7h 28m,7648,KingsCageHex,128,7088,53241,49108
2025-06-24T00:58:57.221181+00:00,126,5d 7h 28m,7648,AshFieldsHex,128,2305,754,14
2025-06-24T00:58:57.221181+00:00,126,5d 7h 28m,7648,DrownedValeHex,128,1828,126,58
2025-06-24T00:58:57.221181+00:00,126,5d 7h 28m,7648,FarranacCoastHex,128,8439,66766,63802
2025-06-24T00:58:57.221181+00:00,126,5d 7h 28m,7648,SableportHex,128,2504,939,712
2025-06-24T01:14:11.464376+00:00,126,5d 7h 44m,7664,TheFingersHex,128,866,288,159
2025-06-24T01:14:11.464376+00:00,126,5d 7h 44m,7664,TempestIslandHex,128,3403,11269,9312
2025-06-24T01:14:11.464376+00:00,126,5d 7h 44m,7664,GreatMarchHex,129,2041,820,14
2025-06-24T01:14:11.464376+00:00,126,5d 7h 44m,7664,MarbanHollow,129,7632,63867,69182
2025-06-24T01:14:11.464376+00:00,126,5d 7h 44m,7664,ViperPitHex,128,2777,329,667
2025-06-24T01:14:11.464376+00:00,126,5d 7h 44m,7664,BasinSionnachHex,129,2201,21,772
2025-06-24T01:14:11.464376+00:00,126,5d 7h 44m,7664,StemaLandingHex,128,1140,1974,1750
2025-06-24T01:14:11.464376+00:00,126,5d 7h 44m,7664,DeadLandsHex,129,7138,30764,36201
2025-06-24T01:14:11.464376+00:00,126,5d 7h 44m,7664,HeartlandsHex,128,2446,520,83
2025-06-24T01:14:11.464376+00:00,126,5d 7h 44m,7664,EndlessShoreHex,128,6306,48295,44920
2025-06-24T01:14:11.464376+00:00,126,5d 7h 44m,7664,WestgateHex,128,2838,2220,2426
2025-06-24T01:14:11.464376+00:00,126,5d 7h 44m,7664,OarbreakerHex,129,971,24,307
2025-06-24T01:14:11.464376+00:00,126,5d 7h 44m,7664,AcrithiaHex,129,2185,429,20
2025-06-24T01:14:11.464376+00:00,126,5d 7h 44m,7664,MooringCountyHex,129,2072,6,126
2025-06-24T01:14:11.464376+00:00,126,5d 7h 44m,7664,WeatheredExpanseHex,128,2904,639,950
2025-06-24T01:14:11.464376+00:00,126,5d 7h 44m,7664,ReaversPassHex,128,1185,909,436
2025-06-24T01:14:11.464376+00:00,126,5d 7h 44m,7664,MorgensCrossingHex,128,1774,104,807
2025-06-24T01:14:11.464376+00:00,126,5d 7h 44m,7664,LochMorHex,129,6528,22588,29264
2025-06-24T01:14:11.464376+00:00,126,5d 7h 44m,7664,StonecradleHex,128,2484,43,411
2025-06-24T01:14:11.464376+00:00,126,5d 7h 44m,7664,KalokaiHex,128,1557,266,14
2025-06-24T01:14:11.464376+00:00,126,5d 7h 44m,7664,AllodsBightHex,128,2869,910,754
2025-06-24T01:14:11.464376+00:00,126,5d 7h 44m,7664,RedRiverHex,129,1570,356,8
2025-06-24T01:14:11.464376+00:00,126,5d 7h 44m,7664,OriginHex,128,1532,413,116
2025-06-24T01:14:11.464376+00:00,126,5d 7h 44m,7664,HowlCountyHex,128,2084,27,486
2025-06-24T01:14:11.464376+00:00,126,5d 7h 44m,7664,ClahstraHex,128,7518,59799,60707
2025-06-24T01:14:11.464376+00:00,126,5d 7h 44m,7664,SpeakingWoodsHex,129,2423,15,495
2025-06-24T01:14:11.464376+00:00,126,5d 7h 44m,7664,ShackledChasmHex,129,1749,27,7
2025-06-24T01:14:11.464376+00:00,126,5d 7h 44m,7664,TerminusHex,128,2039,885,23
2025-06-24T01:14:11.464376+00:00,126,5d 7h 44m,7664,LinnMercyHex,128,5216,21464,15018
2025-06-24T01:14:11.464376+00:00,126,5d 7h 44m,7664,ClansheadValleyHex,128,2715,32,957
2025-06-24T01:14:11.464376+00:00,126,5d 7h 44m,7664,GodcroftsHex,128,947,121,253
2025-06-24T01:14:11.464376+00:00,126,5d 7h 44m,7664,NevishLineHex,129,1218,142,221
2025-06-24T01:14:11.464376+00:00,126,5d 7h 44m,7664,CallumsCapeHex,128,2388,41,774
2025-06-24T01:14:11.464376+00:00,126,5d 7h 44m,7664,FishermansRowHex,129,2705,6248,6680
2025-06-24T01:14:11.464376+00:00,126,5d 7h 44m,7664,UmbralWildwoodHex,129,1965,247,61
2025-06-24T01:14:11.464376+00:00,126,5d 7h 44m,7664,ReachingTrailHex,128,2653,15,702
2025-06-24T01:14:11.464376+00:00,126,5d 7h 44m,7664,StlicanShelfHex,129,1984,268,453
2025-06-24T01:14:11.464376+00:00,126,5d 7h 44m,7664,CallahansPassageHex,129,8255,71404,52476
2025-06-24T01:14:11.464376+00:00,126,5d 7h 44m,7664,KingsCageHex,128,7104,53323,49201
2025-06-24T01:14:11.464376+00:00,126,5d 7h 44m,7664,AshFieldsHex,129,2311,757,14
2025-06-24T01:14:11.464376+00:00,126,5d 7h 44m,7664,DrownedValeHex,129,1829,126,58
2025-06-24T01:14:11.464376+00:00,126,5d 7h 44m,7664,FarranacCoastHex,128,8448,66826,63872
2025-06-24T01:14:11.464376+00:00,126,5d 7h 44m,7664,SableportHex,128,2504,943,714
2025-06-24T01:29:25.777973+00:00,126,5d 7h 59m,7679,TheFingersHex,129,867,288,159
2025-06-24T01:29:25.777973+00:00,126,5d 7h 59m,7679,TempestIslandHex,129,3405,11270,9316
2025-06-24T01:29:25.777973+00:00,126,5d 7h 59m,7679,GreatMarchHex,129,2043,820,14
2025-06-24T01:29:25.777973+00:00,126,5d 7h 59m,7679,MarbanHollow,129,7635,63954,69252
2025-06-24T01:29:25.777973+00:00,126,5d 7h 59m,7679,ViperPitHex,129,2778,329,668
2025-06-24T01:29:25.777973+00:00,126,5d 7h 59m,7679,BasinSionnachHex,129,2202,21,772
2025-06-24T01:29:25.777973+00:00,126,5d 7h 59m,7679,StemaLandingHex,129,1140,1974,1750
2025-06-24T01:29:25.777973+00:00,126,5d 7h 59m,7679,DeadLandsHex,129,7138,30764,36201
2025-06-24T01:29:25.777973+00:00,126,5d 7h 59m,7679,HeartlandsHex,129,2448,522,83
2025-06-24T01:29:25.777973+00:00,126,5d 7h 59m,7679,EndlessShoreHex,129,6319,48449,45018
2025-06-24T01:29:25.777973+00:00,126,5d 7h 59m,7679,WestgateHex,129,2851,2222,2430
2025-06-24T01:29:25.777973+00:00,126,5d 7h 59m,7679,OarbreakerHex,129,971,24,308
2025-06-24T01:29:25.777973+00:00,126,5d 7h 59m,7679,AcrithiaHex,129,2187,431,20
2025-06-24T01:29:25.777973+00:00,126,5d 7h 59m,7679,MooringCountyHex,129,2073,6,126
2025-06-24T01:29:25.777973+00:00,126,5d 7h 59m,7679,WeatheredExpanseHex,129,2904,639,952
2025-06-24T01:29:25.777973+00:00,126,5d 7h 59m,7679,ReaversPassHex,129,1186,911,437
2025-06-24T01:29:25.777973+00:00,126,5d 7h 59m,7679,MorgensCrossingHex,129,1775,104,807
2025-06-24T01:29:25.777973+00:00,126,5d 7h 59m,7679,LochMorHex,129,6532,22596,29287
2025-06-24T01:29:25.777973+00:00,126,5d 7h 59m,7679,StonecradleHex,129,2493,43,411
2025-06-24T01:29:25.777973+00:00,126,5d 7h 59m,7679,KalokaiHex,129,1560,266,14
2025-06-24T01:29:25.777973+00:00,126,5d 7h 59m,7679,AllodsBightHex,129,2872,911,756
2025-06-24T01:29:25.777973+00:00,126,5d 7h 59m,7679,RedRiverHex,129,1572,356,8
2025-06-24T01:29:25.777973+00:00,126,5d 7h 59m,7679,OriginHex,129,1532,415,116
2025-06-24T01:29:25.777973+00:00,126,5d 7h 59m,7679,HowlCountyHex,129,2088,27,492
2025-06-24T01:29:25.777973+00:00,126,5d 7h 59m,7679,ClahstraHex,129,7530,59927,60806
2025-06-24T01:29:25.777973+00:00,126,5d 7h 59m,7679,SpeakingWoodsHex,129,2424,15,495
2025-06-24T01:29:25.777973+00:00,126,5d 7h 59m,7679,ShackledChasmHex,129,1749,27,7
2025-06-24T01:29:25.777973+00:00,126,5d 7h 59m,7679,TerminusHex,129,2041,888,23
2025-06-24T01:29:25.777973+00:00,126,5d 7h 59m,7679,LinnMercyHex,129,5230,21558,15136
2025-06-24T01:29:25.777973+00:00,126,5d 7h 59m,7679,ClansheadValleyHex,129,2718,32,958
2025-06-24T01:29:25.777973+00:00,126,5d 7h 59m,7679,GodcroftsHex,129,947,121,254
2025-06-24T01:29:25.777973+00:00,126,5d 7h 59m,7679,NevishLineHex,129,1218,143,221
2025-06-24T01:29:25.777973+00:00,126,5d 7h 59m,7679,CallumsCapeHex,129,2391,41,775
2025-06-24T01:29:25.777973+00:00,126,5d 7h 59m,7679,FishermansRowHex,129,2707,6248,6680
2025-06-24T01:29:25.777973+00:00,126,5d 7h 59m,7679,UmbralWildwoodHex,129,1968,247,61
2025-06-24T01:29:25.777973+00:00,126,5d 7h 59m,7679,ReachingTrailHex,129,2658,15,703
2025-06-24T01:29:25.777973+00:00,126,5d 7h 59m,7679,StlicanShelfHex,129,1984,268,454
2025-06-24T01:29:25.777973+00:00,126,5d 7h 59m,7679,CallahansPassageHex,129,8263,71484,52538
2025-06-24T01:29:25.777973+00:00,126,5d 7h 59m,7679,KingsCageHex,129,7108,53378,49248
2025-06-24T01:29:25.777973+00:00,126,5d 7h 59m,7679,AshFieldsHex,129,2314,758,14
2025-06-24T01:29:25.777973+00:00,126,5d 7h 59m,7679,DrownedValeHex,129,1829,126,58
2025-06-24T01:29:25.777973+00:00,126,5d 7h 59m,7679,FarranacCoastHex,129,8463,66962,64025
2025-06-24T01:29:25.777973+00:00,126,5d 7h 59m,7679,SableportHex,129,2506,943,714
2025-06-24T01:44:39.994985+00:00,126,5d 8h 14m,7694,TheFingersHex,129,867,288,159
2025-06-24T01:44:39.994985+00:00,126,5d 8h 14m,7694,TempestIslandHex,129,3405,11271,9318
2025-06-24T01:44:39.994985+00:00,126,5d 8h 14m,7694,GreatMarchHex,129,2046,821,14
2025-06-24T01:44:39.994985+00:00,126,5d 8h 14m,7694,MarbanHollow,129,7643,64140,69469
2025-06-24T01:44:39.994985+00:00,126,5d 8h 14m,7694,ViperPitHex,129,2780,329,668
2025-06-24T01:44:39.994985+00:00,126,5d 8h 14m,7694,BasinSionnachHex,129,2202,21,774
2025-06-24T01:44:39.994985+00:00,126,5d 8h 14m,7694,StemaLandingHex,129,1144,1974,1750
2025-06-24T01:44:39.994985+00:00,126,5d 8h 14m,7694,DeadLandsHex,129,7141,30764,36202
2025-06-24T01:44:39.994985+00:00,126,5d 8h 14m,7694,HeartlandsHex,129,2450,522,83
2025-06-24T01:44:39.994985+00:00,126,5d 8h 14m,7694,EndlessShoreHex,129,6323,48579,45076
2025-06-24T01:44:39.994985+00:00,126,5d 8h 14m,7694,WestgateHex,129,2853,2223,2434
2025-06-24T01:44:39.994985+00:00,126,5d 8h 14m,7694,OarbreakerHex,129,971,24,309
2025-06-24T01:44:39.994985+00:00,126,5d 8h 14m,7694,AcrithiaHex,129,2188,432,20
2025-06-24T01:44:39.994985+00:00,126,5d 8h 14m,7694,MooringCountyHex,129,2079,6,126
2025-06-24T01:44:39.994985+00:00,126,5d 8h 14m,7694,WeatheredExpanseHex,129,2905,639,952
2025-06-24T01:44:39.994985+00:00,126,5d 8h 14m,7694,ReaversPassHex,129,1187,913,437
2025-06-24T01:44:39.994985+00:00,126,5d 8h 14m,7694,MorgensCrossingHex,129,1775,104,807
2025-06-24T01:44:39.994985+00:00,126,5d 8h 14m,7694,LochMorHex,129,6542,22622,29362
2025-06-24T01:44:39.994985+00:00,126,5d 8h 14m,7694,StonecradleHex,129,2499,43,412
2025-06-24T01:44:39.994985+00:00,126,5d 8h 14m,7694,KalokaiHex,129,1562,266,14
2025-06-24T01:44:39.994985+00:00,126,5d 8h 14m,7694,AllodsBightHex,129,2873,911,756
2025-06-24T01:44:39.994985+00:00,126,5d 8h 14m,7694,RedRiverHex,129,1574,356,8
2025-06-24T01:44:39.994985+00:00,126,5d 8h 14m,7694,OriginHex,129,1532,415,116
2025-06-24T01:44:39.994985+00:00,126,5d 8h 14m,7694,HowlCountyHex,129,2088,27,492
2025-06-24T01:44:39.994985+00:00,126,5d 8h 14m,7694,ClahstraHex,129,7533,59992,60846
2025-06-24T01:44:39.994985+00:00,126,5d 8h 14m,7694,SpeakingWoodsHex,129,2424,15,497
2025-06-24T01:44:39.994985+00:00,126,5d 8h 14m,7694,ShackledChasmHex,129,1751,27,7
2025-06-24T01:44:39.994985+00:00,126,5d 8h 14m,7694,TerminusHex,129,2041,892,23
2025-06-24T01:44:39.994985+00:00,126,5d 8h 14m,7694,LinnMercyHex,129,5243,21600,15170
2025-06-24T01:44:39.994985+00:00,126,5d 8h 14m,7694,ClansheadValleyHex,129,2720,32,959
2025-06-24T01:44:39.994985+00:00,126,5d 8h 14m,7694,GodcroftsHex,129,953,121,254
2025-06-24T01:44:39.994985+00:00,126,5d 8h 14m,7694,NevishLineHex,129,1219,143,221
2025-06-24T01:44:39.994985+00:00,126,5d 8h 14m,7694,CallumsCapeHex,129,2391,41,777
2025-06-24T01:44:39.994985+00:00,126,5d 8h 14m,7694,FishermansRowHex,129,2710,6249,6685
2025-06-24T01:44:39.994985+00:00,126,5d 8h 14m,7694,UmbralWildwoodHex,129,1968,248,61
2025-06-24T01:44:39.994985+00:00,126,5d 8h 14m,7694,ReachingTrailHex,129,2661,15,707
2025-06-24T01:44:39.994985+00:00,126,5d 8h 14m,7694,StlicanShelfHex,129,1984,268,454
2025-06-24T01:44:39.994985+00:00,126,5d 8h 14m,7694,CallahansPassageHex,129,8280,71701,52742
2025-06-24T01:44:39.994985+00:00,126,5d 8h 14m,7694,KingsCageHex,129,7122,53485,49331
2025-06-24T01:44:39.994985+00:00,126,5d 8h 14m,7694,AshFieldsHex,129,2318,759,14
2025-06-24T01:44:39.994985+00:00,126,5d 8h 14m,7694,DrownedValeHex,129,1832,126,59
2025-06-24T01:44:39.994985+00:00,126,5d 8h 14m,7694,FarranacCoastHex,129,8468,67064,64099
2025-06-24T01:44:39.994985+00:00,126,5d 8h 14m,7694,SableportHex,129,2508,945,714
2025-06-24T01:59:54.094559+00:00,126,5d 8h 29m,7709,TheFingersHex,129,870,288,159
2025-06-24T01:59:54.094559+00:00,126,5d 8h 29m,7709,TempestIslandHex,129,3406,11272,9322
2025-06-24T01:59:54.094559+00:00,126,5d 8h 29m,7709,GreatMarchHex,129,2046,823,14
2025-06-24T01:59:54.094559+00:00,126,5d 8h 29m,7709,MarbanHollow,129,7646,64240,69610
2025-06-24T01:59:54.094559+00:00,126,5d 8h 29m,7709,ViperPitHex,129,2783,329,669
2025-06-24T01:59:54.094559+00:00,126,5d 8h 29m,7709,BasinSionnachHex,129,2202,21,777
2025-06-24T01:59:54.094559+00:00,126,5d 8h 29m,7709,StemaLandingHex,129,1147,1974,1750
2025-06-24T01:59:54.094559+00:00,126,5d 8h 29m,7709,DeadLandsHex,129,7144,30764,36202
2025-06-24T01:59:54.094559+00:00,126,5d 8h 29m,7709,HeartlandsHex,129,2454,525,83
2025-06-24T01:59:54.094559+00:00,126,5d 8h 29m,7709,EndlessShoreHex,129,6338,48767,45242
2025-06-24T01:59:54.094559+00:00,126,5d 8h 29m,7709,WestgateHex,129,2854,2224,2436
2025-06-24T01:59:54.094559+00:00,126,5d 8h 29m,7709,OarbreakerHex,129,971,24,311
2025-06-24T01:59:54.094559+00:00,126,5d 8h 29m,7709,AcrithiaHex,129,2189,434,21
2025-06-24T01:59:54.094559+00:00,126,5d 8h 29m,7709,MooringCountyHex,129,2081,6,126
2025-06-24T01:59:54.094559+00:00,126,5d 8h 29m,7709,WeatheredExpanseHex,129,2906,639,953
2025-06-24T01:59:54.094559+00:00,126,5d 8h 29m,7709,ReaversPassHex,129,1192,914,438
2025-06-24T01:59:54.094559+00:00,126,5d 8h 29m,7709,MorgensCrossingHex,129,1781,104,809
2025-06-24T01:59:54.094559+00:00,126,5d 8h 29m,7709,LochMorHex,129,6544,22630,29409
2025-06-24T01:59:54.094559+00:00,126,5d 8h 29m,7709,StonecradleHex,129,2500,43,413
2025-06-24T01:59:54.094559+00:00,126,5d 8h 29m,7709,KalokaiHex,129,1563,266,14
2025-06-24T01:59:54.094559+00:00,126,5d 8h 29m,7709,AllodsBightHex,129,2874,914,756
2025-06-24T01:59:54.094559+00:00,126,5d 8h 29m,7709,RedRiverHex,129,1575,356,8
2025-06-24T01:59:54.094559+00:00,126,5d 8h 29m,7709,OriginHex,129,1536,419,116
2025-06-24T01:59:54.094559+00:00,126,5d 8h 29m,7709,HowlCountyHex,129,2090,27,492
2025-06-24T01:59:54.094559+00:00,126,5d 8h 29m,7709,ClahstraHex,129,7538,60052,60889
2025-06-24T01:59:54.094559+00:00,126,5d 8h 29m,7709,SpeakingWoodsHex,129,2426,15,498
2025-06-24T01:59:54.094559+00:00,126,5d 8h 29m,7709,ShackledChasmHex,129,1751,27,7
2025-06-24T01:59:54.094559+00:00,126,5d 8h 29m,7709,TerminusHex,129,2045,892,23
2025-06-24T01:59:54.094559+00:00,126,5d 8h 29m,7709,LinnMercyHex,129,5252,21669,15280
2025-06-24T01:59:54.094559+00:00,126,5d 8h 29m,7709,ClansheadValleyHex,129,2720,32,959
2025-06-24T01:59:54.094559+00:00,126,5d 8h 29m,7709,GodcroftsHex,129,953,121,254
2025-06-24T01:59:54.094559+00:00,126,5d 8h 29m,7709,NevishLineHex,129,1219,143,221
2025-06-24T01:59:54.094559+00:00,126,5d 8h 29m,7709,CallumsCapeHex,129,2393,41,777
2025-06-24T01:59:54.094559+00:00,126,5d 8h 29m,7709,FishermansRowHex,129,2712,6252,6685
2025-06-24T01:59:54.094559+00:00,126,5d 8h 29m,7709,UmbralWildwoodHex,129,1969,248,61
2025-06-24T01:59:54.094559+00:00,126,5d 8h 29m,7709,ReachingTrailHex,129,2662,15,710
2025-06-24T01:59:54.094559+00:00,126,5d 8h 29m,7709,StlicanShelfHex,129,1987,268,454
2025-06-24T01:59:54.094559+00:00,126,5d 8h 29m,7709,CallahansPassageHex,129,8289,71831,52869
2025-06-24T01:59:54.094559+00:00,126,5d 8h 29m,7709,KingsCageHex,129,7126,53527,49367
2025-06-24T01:59:54.094559+00:00,126,5d 8h 29m,7709,AshFieldsHex,129,2320,759,14
2025-06-24T01:59:54.094559+00:00,126,5d 8h 29m,7709,DrownedValeHex,129,1833,126,59
2025-06-24T01:59:54.094559+00:00,126,5d 8h 29m,7709,FarranacCoastHex,129,8484,67215,64264
2025-06-24T01:59:54.094559+00:00,126,5d 8h 29m,7709,SableportHex,129,2512,952,714
2025-06-24T02:15:08.172909+00:00,126,5d 8h 45m,7725,TheFingersHex,129,870,288,159
2025-06-24T02:15:08.172909+00:00,126,5d 8h 45m,7725,TempestIslandHex,129,3406,11273,9323
2025-06-24T02:15:08.172909+00:00,126,5d 8h 45m,7725,GreatMarchHex,130,2047,824,14
2025-06-24T02:15:08.172909+00:00,126,5d 8h 45m,7725,MarbanHollow,130,7652,64439,69793
2025-06-24T02:15:08.172909+00:00,126,5d 8h 45m,7725,ViperPitHex,129,2784,329,670
2025-06-24T02:15:08.172909+00:00,126,5d 8h 45m,7725,BasinSionnachHex,130,2204,21,778
2025-06-24T02:15:08.172909+00:00,126,5d 8h 45m,7725,StemaLandingHex,129,1147,1974,1750
2025-06-24T02:15:08.172909+00:00,126,5d 8h 45m,7725,DeadLandsHex,130,7145,30767,36202
2025-06-24T02:15:08.172909+00:00,126,5d 8h 45m,7725,HeartlandsHex,129,2458,526,83
2025-06-24T02:15:08.172909+00:00,126,5d 8h 45m,7725,EndlessShoreHex,129,6344,48817,45300
2025-06-24T02:15:08.172909+00:00,126,5d 8h 45m,7725,WestgateHex,130,2858,2225,2438
2025-06-24T02:15:08.172909+00:00,126,5d 8h 45m,7725,OarbreakerHex,130,971,24,311
2025-06-24T02:15:08.172909+00:00,126,5d 8h 45m,7725,AcrithiaHex,130,2190,435,21
2025-06-24T02:15:08.172909+00:00,126,5d 8h 45m,7725,MooringCountyHex,130,2083,6,126
2025-06-24T02:15:08.172909+00:00,126,5d 8h 45m,7725,WeatheredExpanseHex,129,2907,639,953
2025-06-24T02:15:08.172909+00:00,126,5d 8h 45m,7725,ReaversPassHex,129,1197,915,439
2025-06-24T02:15:08.172909+00:00,126,5d 8h 45m,7725,MorgensCrossingHex,130,1784,104,809
2025-06-24T02:15:08.172909+00:00,126,5d 8h 45m,7725,LochMorHex,130,6555,22669,29478
2025-06-24T02:15:08.172909+00:00,126,5d 8h 45m,7725,StonecradleHex,129,2500,43,413
2025-06-24T02:15:08.172909+00:00,126,5d 8h 45m,7725,KalokaiHex,130,1563,266,14
2025-06-24T02:15:08.172909+00:00,126,5d 8h 45m,7725,AllodsBightHex,129,2874,914,756
2025-06-24T02:15:08.172909+00:00,126,5d 8h 45m,7725,RedRiverHex,130,1577,356,8
2025-06-24T02:15:08.172909+00:00,126,5d 8h 45m,7725,OriginHex,129,1536,419,116
2025-06-24T02:15:08.172909+00:00,126,5d 8h 45m,7725,HowlCountyHex,129,2090,27,492
2025-06-24T02:15:08.172909+00:00,126,5d 8h 45m,7725,ClahstraHex,129,7540,60073,60912
2025-06-24T02:15:08.172909+00:00,126,5d 8h 45m,7725,SpeakingWoodsHex,130,2428,15,498
2025-06-24T02:15:08.172909+00:00,126,5d 8h 45m,7725,ShackledChasmHex,130,1755,27,7
2025-06-24T02:15:08.172909+00:00,126,5d 8h 45m,7725,TerminusHex,129,2047,892,23
2025-06-24T02:15:08.172909+00:00,126,5d 8h 45m,7725,LinnMercyHex,129,5258,21706,15350
2025-06-24T02:15:08.172909+00:00,126,5d 8h 45m,7725,ClansheadValleyHex,130,2721,32,960
2025-06-24T02:15:08.172909+00:00,126,5d 8h 45m,7725,GodcroftsHex,129,953,121,254
2025-06-24T02:15:08.172909+00:00,126,5d 8h 45m,7725,NevishLineHex,130,1220,143,221
2025-06-24T02:15:08.172909+00:00,126,5d 8h 45m,7725,CallumsCapeHex,129,2396,41,778
2025-06-24T02:15:08.172909+00:00,126,5d 8h 45m,7725,FishermansRowHex,130,2713,6254,6695
2025-06-24T02:15:08.172909+00:00,126,5d 8h 45m,7725,UmbralWildwoodHex,130,1970,249,61
2025-06-24T02:15:08.172909+00:00,126,5d 8h 45m,7725,ReachingTrailHex,130,2666,15,713
2025-06-24T02:15:08.172909+00:00,126,5d 8h 45m,7725,StlicanShelfHex,130,1987,268,454
2025-06-24T02:15:08.172909+00:00,126,5d 8h 45m,7725,CallahansPassageHex,130,8298,72064,53028
2025-06-24T02:15:08.172909+00:00,126,5d 8h 45m,7725,KingsCageHex,129,7139,53621,49437
2025-06-24T02:15:08.172909+00:00,126,5d 8h 45m,7725,AshFieldsHex,130,2321,761,14
2025-06-24T02:15:08.172909+00:00,126,5d 8h 45m,7725,DrownedValeHex,130,1835,126,59
2025-06-24T02:15:08.172909+00:00,126,5d 8h 45m,7725,FarranacCoastHex,129,8493,67310,64345
2025-06-24T02:15:08.172909+00:00,126,5d 8h 45m,7725,SableportHex,129,2518,952,714
2025-06-24T02:30:22.657102+00:00,126,5d 9h 0m,7740,TheFingersHex,130,872,289,159
2025-06-24T02:30:22.657102+00:00,126,5d 9h 0m,7740,TempestIslandHex,130,3406,11276,9326
2025-06-24T02:30:22.657102+00:00,126,5d 9h 0m,7740,GreatMarchHex,130,2048,824,14
2025-06-24T02:30:22.657102+00:00,126,5d 9h 0m,7740,MarbanHollow,130,7654,64535,69878
2025-06-24T02:30:22.657102+00:00,126,5d 9h 0m,7740,ViperPitHex,130,2788,329,670
2025-06-24T02:30:22.657102+00:00,126,5d 9h 0m,7740,BasinSionnachHex,130,2204,21,778
2025-06-24T02:30:22.657102+00:00,126,5d 9h 0m,7740,StemaLandingHex,130,1147,1974,1750
2025-06-24T02:30:22.657102+00:00,126,5d 9h 0m,7740,DeadLandsHex,130,7148,30767,36202
2025-06-24T02:30:22.657102+00:00,126,5d 9h 0m,7740,HeartlandsHex,130,2462,526,83
2025-06-24T02:30:22.657102+00:00,126,5d 9h 0m,7740,EndlessShoreHex,130,6353,48895,45402
2025-06-24T02:30:22.657102+00:00,126,5d 9h 0m,7740,WestgateHex,130,2858,2226,2439
2025-06-24T02:30:22.657102+00:00,126,5d 9h 0m,7740,OarbreakerHex,130,971,24,311
2025-06-24T02:30:22.657102+00:00,126,5d 9h 0m,7740,AcrithiaHex,130,2193,435,21
2025-06-24T02:30:22.657102+00:00,126,5d 9h 0m,7740,MooringCountyHex,130,2085,6,126
2025-06-24T02:30:22.657102+00:00,126,5d 9h 0m,7740,WeatheredExpanseHex,130,2917,639,953
2025-06-24T02:30:22.657102+00:00,126,5d 9h 0m,7740,ReaversPassHex,130,1203,919,440
2025-06-24T02:30:22.657102+00:00,126,5d 9h 0m,7740,MorgensCrossingHex,130,1786,104,811
2025-06-24T02:30:22.657102+00:00,126,5d 9h 0m,7740,LochMorHex,130,6557,22687,29527
2025-06-24T02:30:22.657102+00:00,126,5d 9h 0m,7740,StonecradleHex,130,2502,43,413
2025-06-24T02:30:22.657102+00:00,126,5d 9h 0m,7740,KalokaiHex,130,1564,266,14
2025-06-24T02:30:22.657102+00:00,126,5d 9h 0m,7740,AllodsBightHex,130,2874,914,756
2025-06-24T02:30:22.657102+00:00,126,5d 9h 0m,7740,RedRiverHex,130,1578,356,8
2025-06-24T02:30:22.657102+00:00,126,5d 9h 0m,7740,OriginHex,130,1537,419,116
2025-06-24T02:30:22.657102+00:00,126,5d 9h 0m,7740,HowlCountyHex,130,2092,27,496
2025-06-24T02:30:22.657102+00:00,126,5d 9h 0m,7740,ClahstraHex,130,7542,60089,60937
2025-06-24T02:30:22.657102+00:00,126,5d 9h 0m,7740,SpeakingWoodsHex,130,2430,15,498
2025-06-24T02:30:22.657102+00:00,126,5d 9h 0m,7740,ShackledChasmHex,130,1756,27,7
2025-06-24T02:30:22.657102+00:00,126,5d 9h 0m,7740,TerminusHex,130,2052,893,23
2025-06-24T02:30:22.657102+00:00,126,5d 9h 0m,7740,LinnMercyHex,130,5272,21800,15462
2025-06-24T02:30:22.657102+00:00,126,5d 9h 0m,7740,ClansheadValleyHex,130,2721,32,960
2025-06-24T02:30:22.657102+00:00,126,5d 9h 0m,7740,GodcroftsHex,130,953,121,254
2025-06-24T02:30:22.657102+00:00,126,5d 9h 0m,7740,NevishLineHex,130,1221,143,221
2025-06-24T02:30:22.657102+00:00,126,5d 9h 0m,7740,CallumsCapeHex,130,2397,41,778
2025-06-24T02:30:22.657102+00:00,126,5d 9h 0m,7740,FishermansRowHex,130,2716,6254,6695
2025-06-24T02:30:22.657102+00:00,126,5d 9h 0m,7740,UmbralWildwoodHex,130,1971,249,61
2025-06-24T02:30:22.657102+00:00,126,5d 9h 0m,7740,ReachingTrailHex,130,2668,15,713
2025-06-24T02:30:22.657102+00:00,126,5d 9h 0m,7740,StlicanShelfHex,130,1987,268,454
2025-06-24T02:30:22.657102+00:00,126,5d 9h 0m,7740,CallahansPassageHex,130,8302,72154,53097
2025-06-24T02:30:22.657102+00:00,126,5d 9h 0m,7740,KingsCageHex,130,7143,53691,49525
2025-06-24T02:30:22.657102+00:00,126,5d 9h 0m,7740,AshFieldsHex,130,2321,762,14
2025-06-24T02:30:22.657102+00:00,126,5d 9h 0m,7740,DrownedValeHex,130,1838,126,59
2025-06-24T02:30:22.657102+00:00,126,5d 9h 0m,7740,FarranacCoastHex,130,8505,67445,64523
2025-06-24T02:30:22.657102+00:00,126,5d 9h 0m,7740,SableportHex,130,2519,954,714
2025-06-24T02:45:37.808277+00:00,126,5d 9h 15m,7755,TheFingersHex,130,872,289,159
2025-06-24T02:45:37.808277+00:00,126,5d 9h 15m,7755,TempestIslandHex,130,3407,11278,9327
2025-06-24T02:45:37.808277+00:00,126,5d 9h 15m,7755,GreatMarchHex,130,2051,824,14
2025-06-24T02:45:37.808277+00:00,126,5d 9h 15m,7755,MarbanHollow,130,7661,64695,70005
2025-06-24T02:45:37.808277+00:00,126,5d 9h 15m,7755,ViperPitHex,130,2788,330,670
2025-06-24T02:45:37.808277+00:00,126,5d 9h 15m,7755,BasinSionnachHex,130,2207,21,781
2025-06-24T02:45:37.808277+00:00,126,5d 9h 15m,7755,StemaLandingHex,130,1148,1974,1750
2025-06-24T02:45:37.808277+00:00,126,5d 9h 15m,7755,DeadLandsHex,130,7153,30768,36202
2025-06-24T02:45:37.808277+00:00,126,5d 9h 15m,7755,HeartlandsHex,130,2462,527,83
2025-06-24T02:45:37.808277+00:00,126,5d 9h 15m,7755,EndlessShoreHex,130,6357,48965,45439
2025-06-24T02:45:37.808277+00:00,126,5d 9h 15m,7755,WestgateHex,130,2860,2226,2440
2025-06-24T02:45:37.808277+00:00,126,5d 9h 15m,7755,OarbreakerHex,130,972,24,311
2025-06-24T02:45:37.808277+00:00,126,5d 9h 15m,7755,AcrithiaHex,130,2197,435,21
2025-06-24T02:45:37.808277+00:00,126,5d 9h 15m,7755,MooringCountyHex,130,2087,6,126
2025-06-24T02:45:37.808277+00:00,126,5d 9h 15m,7755,WeatheredExpanseHex,130,2919,639,955
2025-06-24T02:45:37.808277+00:00,126,5d 9h 15m,7755,ReaversPassHex,130,1204,920,441
2025-06-24T02:45:37.808277+00:00,126,5d 9h 15m,7755,MorgensCrossingHex,130,1788,104,811
2025-06-24T02:45:37.808277+00:00,126,5d 9h 15m,7755,LochMorHex,130,6563,22741,29643
2025-06-24T02:45:37.808277+00:00,126,5d 9h 15m,7755,StonecradleHex,130,2504,43,413
2025-06-24T02:45:37.808277+00:00,126,5d 9h 15m,7755,KalokaiHex,130,1564,266,14
2025-06-24T02:45:37.808277+00:00,126,5d 9h 15m,7755,AllodsBightHex,130,2874,914,756
2025-06-24T02:45:37.808277+00:00,126,5d 9h 15m,7755,RedRiverHex,130,1578,356,8
2025-06-24T02:45:37.808277+00:00,126,5d 9h 15m,7755,OriginHex,130,1540,420,116
2025-06-24T02:45:37.808277+00:00,126,5d 9h 15m,7755,HowlCountyHex,130,2094,27,496
2025-06-24T02:45:37.808277+00:00,126,5d 9h 15m,7755,ClahstraHex,130,7548,60098,60949
2025-06-24T02:45:37.808277+00:00,126,5d 9h 15m,7755,SpeakingWoodsHex,130,2432,15,498
2025-06-24T02:45:37.808277+00:00,126,5d 9h 15m,7755,ShackledChasmHex,130,1758,27,7
2025-06-24T02:45:37.808277+00:00,126,5d 9h 15m,7755,TerminusHex,130,2055,893,23
2025-06-24T02:45:37.808277+00:00,126,5d 9h 15m,7755,LinnMercyHex,130,5284,21875,15594
2025-06-24T02:45:37.808277+00:00,126,5d 9h 15m,7755,ClansheadValleyHex,130,2723,32,962
2025-06-24T02:45:37.808277+00:00,126,5d 9h 15m,7755,GodcroftsHex,130,954,121,254
2025-06-24T02:45:37.808277+00:00,126,5d 9h 15m,7755,NevishLineHex,130,1222,143,221
2025-06-24T02:45:37.808277+00:00,126,5d 9h 15m,7755,CallumsCapeHex,130,2399,41,778
2025-06-24T02:45:37.808277+00:00,126,5d 9h 15m,7755,FishermansRowHex,130,2720,6254,6696
2025-06-24T02:45:37.808277+00:00,126,5d 9h 15m,7755,UmbralWildwoodHex,130,1975,249,61
2025-06-24T02:45:37.808277+00:00,126,5d 9h 15m,7755,ReachingTrailHex,130,2671,15,714
2025-06-24T02:45:37.808277+00:00,126,5d 9h 15m,7755,StlicanShelfHex,130,1988,268,454
2025-06-24T02:45:37.808277+00:00,126,5d 9h 15m,7755,CallahansPassageHex,130,8313,72328,53198
2025-06-24T02:45:37.808277+00:00,126,5d 9h 15m,7755,KingsCageHex,130,7147,53735,49572
2025-06-24T02:45:37.808277+00:00,126,5d 9h 15m,7755,AshFieldsHex,130,2322,763,14
2025-06-24T02:45:37.808277+00:00,126,5d 9h 15m,7755,DrownedValeHex,130,1840,126,59
2025-06-24T02:45:37.808277+00:00,126,5d 9h 15m,7755,FarranacCoastHex,130,8513,67529,64609
2025-06-24T02:45:37.808277+00:00,126,5d 9h 15m,7755,SableportHex,130,2519,955,714
2025-06-24T03:00:54.414113+00:00,126,5d 9h 30m,7770,TheFingersHex,130,874,296,159
2025-06-24T03:00:54.414113+00:00,126,5d 9h 30m,7770,TempestIslandHex,130,3409,11284,9330
2025-06-24T03:00:54.414113+00:00,126,5d 9h 30m,7770,GreatMarchHex,130,2052,824,14
2025-06-24T03:00:54.414113+00:00,126,5d 9h 30m,7770,MarbanHollow,130,7666,64746,70066
2025-06-24T03:00:54.414113+00:00,126,5d 9h 30m,7770,ViperPitHex,130,2790,330,671
2025-06-24T03:00:54.414113+00:00,126,5d 9h 30m,7770,BasinSionnachHex,130,2207,21,783
2025-06-24T03:00:54.414113+00:00,126,5d 9h 30m,7770,StemaLandingHex,130,1148,1974,1750
2025-06-24T03:00:54.414113+00:00,126,5d 9h 30m,7770,DeadLandsHex,130,7153,30768,36202
2025-06-24T03:00:54.414113+00:00,126,5d 9h 30m,7770,HeartlandsHex,130,2468,527,83
2025-06-24T03:00:54.414113+00:00,126,5d 9h 30m,7770,EndlessShoreHex,130,6366,49034,45486
2025-06-24T03:00:54.414113+00:00,126,5d 9h 30m,7770,WestgateHex,130,2861,2226,2440
2025-06-24T03:00:54.414113+00:00,126,5d 9h 30m,7770,OarbreakerHex,130,972,24,311
2025-06-24T03:00:54.414113+00:00,126,5d 9h 30m,7770,AcrithiaHex,130,2198,435,21
2025-06-24T03:00:54.414113+00:00,126,5d 9h 30m,7770,MooringCountyHex,130,2088,6,126
2025-06-24T03:00:54.414113+00:00,126,5d 9h 30m,7770,WeatheredExpanseHex,130,2919,639,955
2025-06-24T03:00:54.414113+00:00,126,5d 9h 30m,7770,ReaversPassHex,130,1209,926,443
2025-06-24T03:00:54.414113+00:00,126,5d 9h 30m,7770,MorgensCrossingHex,130,1791,104,811
2025-06-24T03:00:54.414113+00:00,126,5d 9h 30m,7770,LochMorHex,130,6571,22768,29718
2025-06-24T03:00:54.414113+00:00,126,5d 9h 30m,7770,StonecradleHex,130,2508,43,414
2025-06-24T03:00:54.414113+00:00,126,5d 9h 30m,7770,KalokaiHex,130,1564,266,14
2025-06-24T03:00:54.414113+00:00,126,5d 9h 30m,7770,AllodsBightHex,130,2877,914,756
2025-06-24T03:00:54.414113+00:00,126,5d 9h 30m,7770,RedRiverHex,130,1578,356,8
2025-06-24T03:00:54.414113+00:00,126,5d 9h 30m,7770,OriginHex,130,1543,420,117
2025-06-24T03:00:54.414113+00:00,126,5d 9h 30m,7770,HowlCountyHex,130,2094,27,498
2025-06-24T03:00:54.414113+00:00,126,5d 9h 30m,7770,ClahstraHex,130,7561,60135,60987
2025-06-24T03:00:54.414113+00:00,126,5d 9h 30m,7770,SpeakingWoodsHex,130,2432,15,498
2025-06-24T03:00:54.414113+00:00,126,5d 9h 30m,7770,ShackledChasmHex,130,1760,27,7
2025-06-24T03:00:54.414113+00:00,126,5d 9h 30m,7770,TerminusHex,130,2058,893,23
2025-06-24T03:00:54.414113+00:00,126,5d 9h 30m,7770,LinnMercyHex,130,5311,21995,15684
2025-06-24T03:00:54.414113+00:00,126,5d 9h 30m,7770,ClansheadValleyHex,130,2726,32,963
2025-06-24T03:00:54.414113+00:00,126,5d 9h 30m,7770,GodcroftsHex,130,954,121,254
2025-06-24T03:00:54.414113+00:00,126,5d 9h 30m,7770,NevishLineHex,130,1223,143,221
2025-06-24T03:00:54.414113+00:00,126,5d 9h 30m,7770,CallumsCapeHex,130,2399,41,778
2025-06-24T03:00:54.414113+00:00,126,5d 9h 30m,7770,FishermansRowHex,130,2721,6256,6697
2025-06-24T03:00:54.414113+00:00,126,5d 9h 30m,7770,UmbralWildwoodHex,130,1975,249,61
2025-06-24T03:00:54.414113+00:00,126,5d 9h 30m,7770,ReachingTrailHex,130,2672,15,714
2025-06-24T03:00:54.414113+00:00,126,5d 9h 30m,7770,StlicanShelfHex,130,1988,268,455
2025-06-24T03:00:54.414113+00:00,126,5d 9h 30m,7770,CallahansPassageHex,130,8313,72450,53254
2025-06-24T03:00:54.414113+00:00,126,5d 9h 30m,7770,KingsCageHex,130,7160,53805,49654
2025-06-24T03:00:54.414113+00:00,126,5d 9h 30m,7770,AshFieldsHex,130,2325,763,14
2025-06-24T03:00:54.414113+00:00,126,5d 9h 30m,7770,DrownedValeHex,130,1841,126,59
2025-06-24T03:00:54.414113+00:00,126,5d 9h 30m,7770,FarranacCoastHex,130,8518,67567,64659
2025-06-24T03:00:54.414113+00:00,126,5d 9h 30m,7770,SableportHex,130,2521,955,714
2025-06-24T03:16:08.554210+00:00,126,5d 9h 46m,7786,TheFingersHex,130,882,297,159
2025-06-24T03:16:08.554210+00:00,126,5d 9h 46m,7786,TempestIslandHex,131,3417,11291,9332
2025-06-24T03:16:08.554210+00:00,126,5d 9h 46m,7786,GreatMarchHex,131,2053,824,14
2025-06-24T03:16:08.554210+00:00,126,5d 9h 46m,7786,MarbanHollow,131,7672,64879,70247
2025-06-24T03:16:08.554210+00:00,126,5d 9h 46m,7786,ViperPitHex,130,2790,330,671
2025-06-24T03:16:08.554210+00:00,126,5d 9h 46m,7786,BasinSionnachHex,131,2207,21,783
2025-06-24T03:16:08.554210+00:00,126,5d 9h 46m,7786,StemaLandingHex,130,1154,1974,1750
2025-06-24T03:16:08.554210+00:00,126,5d 9h 46m,7786,DeadLandsHex,131,7155,30768,36203
2025-06-24T03:16:08.554210+00:00,126,5d 9h 46m,7786,HeartlandsHex,130,2468,527,83
2025-06-24T03:16:08.554210+00:00,126,5d 9h 46m,7786,EndlessShoreHex,130,6370,49064,45512
2025-06-24T03:16:08.554210+00:00,126,5d 9h 46m,7786,WestgateHex,131,2863,2226,2441
2025-06-24T03:16:08.554210+00:00,126,5d 9h 46m,7786,OarbreakerHex,131,972,24,311
2025-06-24T03:16:08.554210+00:00,126,5d 9h 46m,7786,AcrithiaHex,131,2203,436,21
2025-06-24T03:16:08.554210+00:00,126,5d 9h 46m,7786,MooringCountyHex,131,2089,6,126
2025-06-24T03:16:08.554210+00:00,126,5d 9h 46m,7786,WeatheredExpanseHex,130,2922,639,956
2025-06-24T03:16:08.554210+00:00,126,5d 9h 46m,7786,ReaversPassHex,130,1211,927,443
2025-06-24T03:16:08.554210+00:00,126,5d 9h 46m,7786,MorgensCrossingHex,131,1792,104,812
2025-06-24T03:16:08.554210+00:00,126,5d 9h 46m,7786,LochMorHex,131,6586,22942,29911
2025-06-24T03:16:08.554210+00:00,126,5d 9h 46m,7786,StonecradleHex,130,2511,44,416
2025-06-24T03:16:08.554210+00:00,126,5d 9h 46m,7786,KalokaiHex,131,1565,266,14
2025-06-24T03:16:08.554210+00:00,126,5d 9h 46m,7786,AllodsBightHex,130,2878,915,756
2025-06-24T03:16:08.554210+00:00,126,5d 9h 46m,7786,RedRiverHex,131,1578,356,8
2025-06-24T03:16:08.554210+00:00,126,5d 9h 46m,7786,OriginHex,130,1543,420,117
2025-06-24T03:16:08.554210+00:00,126,5d 9h 46m,7786,HowlCountyHex,130,2094,27,498
2025-06-24T03:16:08.554210+00:00,126,5d 9h 46m,7786,ClahstraHex,130,7567,60155,61006
2025-06-24T03:16:08.554210+00:00,126,5d 9h 46m,7786,SpeakingWoodsHex,131,2434,15,499
2025-06-24T03:16:08.554210+00:00,126,5d 9h 46m,7786,ShackledChasmHex,131,1762,27,7
2025-06-24T03:16:08.554210+00:00,126,5d 9h 46m,7786,TerminusHex,130,2058,895,23
2025-06-24T03:16:08.554210+00:00,126,5d 9h 46m,7786,LinnMercyHex,130,5321,22022,15730
2025-06-24T03:16:08.554210+00:00,126,5d 9h 46m,7786,ClansheadValleyHex,131,2728,32,963
2025-06-24T03:16:08.554210+00:00,126,5d 9h 46m,7786,GodcroftsHex,130,954,121,254
2025-06-24T03:16:08.554210+00:00,126,5d 9h 46m,7786,NevishLineHex,131,1224,143,221
2025-06-24T03:16:08.554210+00:00,126,5d 9h 46m,7786,CallumsCapeHex,131,2403,41,779
2025-06-24T03:16:08.554210+00:00,126,5d 9h 46m,7786,FishermansRowHex,131,2725,6257,6699
2025-06-24T03:16:08.554210+00:00,126,5d 9h 46m,7786,UmbralWildwoodHex,131,1978,249,61
2025-06-24T03:16:08.554210+00:00,126,5d 9h 46m,7786,ReachingTrailHex,131,2675,15,716
2025-06-24T03:16:08.554210+00:00,126,5d 9h 46m,7786,StlicanShelfHex,131,1990,268,455
2025-06-24T03:16:08.554210+00:00,126,5d 9h 46m,7786,CallahansPassageHex,131,8320,72600,53339
2025-06-24T03:16:08.554210+00:00,126,5d 9h 46m,7786,KingsCageHex,130,7166,53843,49693
2025-06-24T03:16:08.554210+00:00,126,5d 9h 46m,7786,AshFieldsHex,131,2328,765,14
2025-06-24T03:16:08.554210+00:00,126,5d 9h 46m,7786,DrownedValeHex,131,1845,126,59
2025-06-24T03:16:08.554210+00:00,126,5d 9h 46m,7786,FarranacCoastHex,131,8528,67662,64755
2025-06-24T03:16:08.554210+00:00,126,5d 9h 46m,7786,SableportHex,130,2522,955,714
