Timestamp,War Time,Minutes Since War Start,War ID,War Number,Map,Icon Type,Icon Category,Previous Team,Current Team
2025-06-23T16:59:32.933075,5d 06h 29m,7589,ef35d360-851e-4522-9f50-499976c2c124,126,FarranacCoastHex,52,Seaport,NONE,WARDENS
2025-06-23T17:05:08.970474,5d 06h 35m,7595,ef35d360-851e-4522-9f50-499976c2c124,126,LochMorHex,33,Storage Facility,NONE,WARDENS
2025-06-23T17:25:53.865181,5d 06h 55m,7615,ef35d360-851e-4522-9f50-499976c2c124,126,EndlessShoreHex,56,Town Base 1,WARDENS,NONE
2025-06-23T17:27:07.576437,5d 06h 56m,7617,ef35d360-851e-4522-9f50-499976c2c124,126,EndlessShoreHex,56,Town Base 1,NONE,WARDENS
2025-06-23T17:27:17.213410,5d 06h 57m,7617,ef35d360-851e-4522-9f50-499976c2c124,126,FishermansRowHex,18,Shipyard,WARDENS,NONE
2025-06-23T17:31:10.153998,5d 07h 01m,7621,ef35d360-851e-4522-9f50-499976c2c124,126,EndlessShoreHex,52,Seaport,WARDENS,NONE
2025-06-23T17:33:33.685886,5d 07h 03m,7623,ef35d360-851e-4522-9f50-499976c2c124,126,DeadLandsHex,35,Garrison Station,NONE,COLONIALS
2025-06-23T17:34:56.074513,5d 07h 04m,7624,ef35d360-851e-4522-9f50-499976c2c124,126,FarranacCoastHex,52,Seaport,WARDENS,NONE
2025-06-23T17:41:39.555665,5d 07h 11m,7631,ef35d360-851e-4522-9f50-499976c2c124,126,EndlessShoreHex,52,Seaport,NONE,WARDENS
2025-06-23T17:52:33.667531,5d 07h 22m,7642,ef35d360-851e-4522-9f50-499976c2c124,126,EndlessShoreHex,18,Shipyard,WARDENS,NONE
2025-06-23T18:15:45.690901,5d 07h 45m,7665,ef35d360-851e-4522-9f50-499976c2c124,126,LochMorHex,84,Mortar House,WARDENS,NONE
2025-06-23T18:23:54.513232,5d 07h 53m,7673,ef35d360-851e-4522-9f50-499976c2c124,126,LinnMercyHex,18,Shipyard,COLONIALS,NONE
2025-06-23T18:24:43.001023,5d 07h 54m,7674,ef35d360-851e-4522-9f50-499976c2c124,126,LinnMercyHex,33,Storage Facility,COLONIALS,NONE
2025-06-23T18:32:33.586500,5d 08h 02m,7682,ef35d360-851e-4522-9f50-499976c2c124,126,TempestIslandHex,18,Shipyard,WARDENS,NONE
2025-06-23T18:47:14.888458,5d 08h 17m,7697,ef35d360-851e-4522-9f50-499976c2c124,126,LochMorHex,84,Mortar House,NONE,WARDENS
2025-06-23T19:02:13.673173,5d 08h 32m,7712,ef35d360-851e-4522-9f50-499976c2c124,126,EndlessShoreHex,45,Relic Base 1,COLONIALS,NONE
2025-06-23T19:06:16.693374,5d 08h 36m,7716,ef35d360-851e-4522-9f50-499976c2c124,126,EndlessShoreHex,45,Relic Base 1,NONE,WARDENS
2025-06-23T19:37:03.900983,5d 09h 06m,7746,ef35d360-851e-4522-9f50-499976c2c124,126,EndlessShoreHex,56,Town Base 1,COLONIALS,NONE
2025-06-24T02:40:16.522579+00:00,5d 09h 10m,7750,ef35d360-851e-4522-9f50-499976c2c124,126,TempestIslandHex,28,Observation Tower,WARDENS,NONE
2025-06-24T02:50:09.831069+00:00,5d 09h 20m,7760,ef35d360-851e-4522-9f50-499976c2c124,126,EndlessShoreHex,56,Town Base 1,WARDENS,NONE
2025-06-24T02:51:45.339844+00:00,5d 09h 21m,7761,ef35d360-851e-4522-9f50-499976c2c124,126,EndlessShoreHex,56,Town Base 1,NONE,WARDENS
2025-06-24T02:57:52.861872+00:00,5d 09h 27m,7767,ef35d360-851e-4522-9f50-499976c2c124,126,LinnMercyHex,33,Storage Facility,NONE,COLONIALS
2025-06-24T03:04:39.087375+00:00,5d 09h 34m,7774,ef35d360-851e-4522-9f50-499976c2c124,126,EndlessShoreHex,56,Town Base 1,NONE,WARDENS
2025-06-24T03:11:33.013776+00:00,5d 09h 41m,7781,ef35d360-851e-4522-9f50-499976c2c124,126,EndlessShoreHex,56,Town Base 1,WARDENS,NONE
2025-06-24T03:12:27.218051+00:00,5d 09h 42m,7782,ef35d360-851e-4522-9f50-499976c2c124,126,LinnMercyHex,38,Salvage Mine,NONE,COLONIALS
2025-06-24T03:12:50.973417+00:00,5d 09h 42m,7782,ef35d360-851e-4522-9f50-499976c2c124,126,LinnMercyHex,40,Component Mine,NONE,COLONIALS
2025-06-24T03:14:36.662331+00:00,5d 09h 44m,7784,ef35d360-851e-4522-9f50-499976c2c124,126,LinnMercyHex,40,Component Mine,COLONIALS,NONE
2025-06-24T03:18:25.361277+00:00,5d 09h 48m,7788,ef35d360-851e-4522-9f50-499976c2c124,126,LinnMercyHex,38,Salvage Mine,COLONIALS,NONE
2025-06-24T03:27:12.933326+00:00,5d 09h 57m,7797,ef35d360-851e-4522-9f50-499976c2c124,126,FarranacCoastHex,18,Shipyard,NONE,COLONIALS
2025-06-24T03:28:16.357730+00:00,5d 09h 58m,7798,ef35d360-851e-4522-9f50-499976c2c124,126,EndlessShoreHex,56,Town Base 1,NONE,COLONIALS
2025-06-24T03:33:19.038520+00:00,5d 10h 03m,7803,ef35d360-851e-4522-9f50-499976c2c124,126,EndlessShoreHex,56,Town Base 1,COLONIALS,NONE
2025-06-24T03:38:45.504204+00:00,5d 10h 08m,7808,ef35d360-851e-4522-9f50-499976c2c124,126,EndlessShoreHex,56,Town Base 1,NONE,WARDENS
2025-06-24T03:47:08.272609+00:00,5d 10h 17m,7817,ef35d360-851e-4522-9f50-499976c2c124,126,TempestIslandHex,28,Observation Tower,NONE,WARDENS
2025-06-24T03:47:13.883794+00:00,5d 10h 17m,7817,ef35d360-851e-4522-9f50-499976c2c124,126,LochMorHex,35,Garrison Station,WARDENS,NONE
2025-06-24T03:59:51.912932+00:00,5d 10h 29m,7829,ef35d360-851e-4522-9f50-499976c2c124,126,TempestIslandHex,18,Shipyard,COLONIALS,NONE
2025-06-24T04:01:57.348987+00:00,5d 10h 31m,7831,ef35d360-851e-4522-9f50-499976c2c124,126,LinnMercyHex,45,Relic Base 1,WARDENS,NONE
2025-06-24T04:05:54.339348+00:00,5d 10h 35m,7835,ef35d360-851e-4522-9f50-499976c2c124,126,LinnMercyHex,45,Relic Base 1,NONE,COLONIALS
2025-06-24T05:16:42.699827+00:00,5d 11h 46m,7906,ef35d360-851e-4522-9f50-499976c2c124,126,EndlessShoreHex,18,Shipyard,WARDENS,NONE
2025-06-24T05:33:56.389214+00:00,5d 12h 03m,7923,ef35d360-851e-4522-9f50-499976c2c124,126,LochMorHex,35,Garrison Station,NONE,WARDENS
2025-06-24T06:11:31.771496+00:00,5d 12h 41m,7961,ef35d360-851e-4522-9f50-499976c2c124,126,FarranacCoastHex,18,Shipyard,COLONIALS,NONE
2025-06-24T07:09:41.250410+00:00,5d 13h 39m,8019,ef35d360-851e-4522-9f50-499976c2c124,126,NevishLineHex,38,Salvage Mine,NONE,WARDENS
2025-06-24T07:11:39.456821+00:00,5d 13h 41m,8021,ef35d360-851e-4522-9f50-499976c2c124,126,NevishLineHex,38,Salvage Mine,WARDENS,NONE
2025-06-24T07:12:03.604397+00:00,5d 13h 41m,8021,ef35d360-851e-4522-9f50-499976c2c124,126,NevishLineHex,38,Salvage Mine,NONE,WARDENS
2025-06-24T07:14:05.869285+00:00,5d 13h 43m,8023,ef35d360-851e-4522-9f50-499976c2c124,126,NevishLineHex,38,Salvage Mine,WARDENS,NONE
2025-06-24T07:15:18.613357+00:00,5d 13h 45m,8025,ef35d360-851e-4522-9f50-499976c2c124,126,NevishLineHex,38,Salvage Mine,NONE,WARDENS
2025-06-24T07:17:20.946393+00:00,5d 13h 47m,8027,ef35d360-851e-4522-9f50-499976c2c124,126,NevishLineHex,38,Salvage Mine,WARDENS,NONE
2025-06-24T07:34:01.508380+00:00,5d 14h 03m,8043,ef35d360-851e-4522-9f50-499976c2c124,126,LochMorHex,40,Component Mine,NONE,WARDENS
2025-06-24T07:38:28.504910+00:00,5d 14h 08m,8048,ef35d360-851e-4522-9f50-499976c2c124,126,LochMorHex,40,Component Mine,WARDENS,NONE
2025-06-24T08:00:05.561925+00:00,5d 14h 29m,8069,ef35d360-851e-4522-9f50-499976c2c124,126,TempestIslandHex,18,Shipyard,NONE,WARDENS
2025-06-24T09:15:48.422427+00:00,5d 15h 45m,8145,ef35d360-851e-4522-9f50-499976c2c124,126,EndlessShoreHex,56,Town Base 1,WARDENS,NONE
2025-06-24T13:23:39.681946+00:00,5d 19h 53m,8393,ef35d360-851e-4522-9f50-499976c2c124,126,FarranacCoastHex,52,Seaport,NONE,WARDENS
2025-06-24T13:23:51.041857+00:00,5d 19h 53m,8393,ef35d360-851e-4522-9f50-499976c2c124,126,TempestIslandHex,18,Shipyard,NONE,COLONIALS
2025-06-24T13:33:39.602980+00:00,5d 20h 03m,8403,ef35d360-851e-4522-9f50-499976c2c124,126,FarranacCoastHex,35,Garrison Station,NONE,WARDENS
2025-06-24T13:45:51.039003+00:00,5d 20h 15m,8415,ef35d360-851e-4522-9f50-499976c2c124,126,FishermansRowHex,18,Shipyard,NONE,WARDENS
2025-06-24T13:55:43.432829+00:00,5d 20h 25m,8425,ef35d360-851e-4522-9f50-499976c2c124,126,FarranacCoastHex,35,Garrison Station,NONE,WARDENS
2025-06-24T13:56:06.169981+00:00,5d 20h 25m,8425,ef35d360-851e-4522-9f50-499976c2c124,126,FishermansRowHex,18,Shipyard,NONE,WARDENS
2025-06-24T13:56:07.569652+00:00,5d 20h 25m,8426,ef35d360-851e-4522-9f50-499976c2c124,126,CallahansPassageHex,17,Refinery,NONE,COLONIALS
2025-06-24T14:22:57.742052+00:00,5d 20h 52m,8452,ef35d360-851e-4522-9f50-499976c2c124,126,EndlessShoreHex,53,Coal Factory,NONE,WARDENS
2025-06-24T14:23:38.746893+00:00,5d 20h 53m,8453,ef35d360-851e-4522-9f50-499976c2c124,126,EndlessShoreHex,84,Mortar House,NONE,WARDENS
2025-06-24T14:28:04.394212+00:00,5d 20h 57m,8457,ef35d360-851e-4522-9f50-499976c2c124,126,EndlessShoreHex,84,Mortar House,NONE,WARDENS
2025-06-24T14:28:29.473874+00:00,5d 20h 58m,8458,ef35d360-851e-4522-9f50-499976c2c124,126,EndlessShoreHex,84,Mortar House,NONE,WARDENS
2025-06-24T14:49:25.543393+00:00,5d 21h 19m,8479,ef35d360-851e-4522-9f50-499976c2c124,126,EndlessShoreHex,56,Town Base 1,WARDENS,NONE
2025-06-24T14:54:57.004473+00:00,5d 21h 24m,8484,ef35d360-851e-4522-9f50-499976c2c124,126,EndlessShoreHex,56,Town Base 1,NONE,WARDENS
2025-06-24T15:05:37.316572+00:00,5d 21h 35m,8495,ef35d360-851e-4522-9f50-499976c2c124,126,EndlessShoreHex,45,Relic Base 1,WARDENS,NONE
2025-06-24T15:09:55.337015+00:00,5d 21h 39m,8499,ef35d360-851e-4522-9f50-499976c2c124,126,EndlessShoreHex,56,Town Base 1,WARDENS,NONE
2025-06-24T15:23:36.811289+00:00,5d 21h 53m,8513,ef35d360-851e-4522-9f50-499976c2c124,126,EndlessShoreHex,45,Relic Base 1,NONE,WARDENS
2025-06-24T15:27:03.027358+00:00,5d 21h 56m,8516,ef35d360-851e-4522-9f50-499976c2c124,126,EndlessShoreHex,56,Town Base 1,NONE,WARDENS
2025-06-24T23:40:40.113426+00:00,6d 06h 10m,9010,ef35d360-851e-4522-9f50-499976c2c124,126,TempestIslandHex,18,Shipyard,COLONIALS,NONE
2025-06-24T23:40:40.115534+00:00,6d 06h 10m,9010,ef35d360-851e-4522-9f50-499976c2c124,126,TempestIslandHex,18,Shipyard,WARDENS,NONE
2025-06-24T23:40:48.475994+00:00,6d 06h 10m,9010,ef35d360-851e-4522-9f50-499976c2c124,126,MarbanHollow,84,Mortar House,NONE,COLONIALS
2025-06-24T23:40:48.478081+00:00,6d 06h 10m,9010,ef35d360-851e-4522-9f50-499976c2c124,126,MarbanHollow,53,Coal Factory,NONE,COLONIALS
2025-06-24T23:41:13.282742+00:00,6d 06h 11m,9011,ef35d360-851e-4522-9f50-499976c2c124,126,EndlessShoreHex,56,Town Base 1,WARDENS,COLONIALS
2025-06-24T23:41:13.285112+00:00,6d 06h 11m,9011,ef35d360-851e-4522-9f50-499976c2c124,126,EndlessShoreHex,45,Relic Base 1,WARDENS,COLONIALS
2025-06-24T23:41:43.497458+00:00,6d 06h 11m,9011,ef35d360-851e-4522-9f50-499976c2c124,126,LochMorHex,53,Coal Factory,NONE,COLONIALS
2025-06-24T23:42:03.694139+00:00,6d 06h 11m,9011,ef35d360-851e-4522-9f50-499976c2c124,126,LinnMercyHex,45,Relic Base 1,COLONIALS,WARDENS
2025-06-24T23:42:09.227247+00:00,6d 06h 12m,9012,ef35d360-851e-4522-9f50-499976c2c124,126,FishermansRowHex,84,Mortar House,NONE,WARDENS
2025-06-24T23:42:09.229365+00:00,6d 06h 12m,9012,ef35d360-851e-4522-9f50-499976c2c124,126,FishermansRowHex,28,Observation Tower,WARDENS,COLONIALS
2025-06-24T23:42:09.231527+00:00,6d 06h 12m,9012,ef35d360-851e-4522-9f50-499976c2c124,126,FishermansRowHex,53,Coal Factory,NONE,WARDENS
2025-06-24T23:42:20.285413+00:00,6d 06h 12m,9012,ef35d360-851e-4522-9f50-499976c2c124,126,FarranacCoastHex,84,Mortar House,NONE,WARDENS
2025-06-24T23:42:20.287430+00:00,6d 06h 12m,9012,ef35d360-851e-4522-9f50-499976c2c124,126,FarranacCoastHex,84,Mortar House,NONE,WARDENS
2025-06-24T23:42:20.289592+00:00,6d 06h 12m,9012,ef35d360-851e-4522-9f50-499976c2c124,126,FarranacCoastHex,52,Seaport,WARDENS,NONE
2025-06-24T23:42:44.015456+00:00,6d 06h 12m,9012,ef35d360-851e-4522-9f50-499976c2c124,126,EndlessShoreHex,56,Town Base 1,COLONIALS,NONE
2025-06-24T23:46:40.815363+00:00,6d 06h 16m,9016,ef35d360-851e-4522-9f50-499976c2c124,126,CallahansPassageHex,35,Garrison Station,WARDENS,NONE
2025-06-24T23:52:28.132911+00:00,6d 06h 22m,9022,ef35d360-851e-4522-9f50-499976c2c124,126,CallahansPassageHex,84,Mortar House,WARDENS,NONE
2025-06-24T23:53:17.337052+00:00,6d 06h 23m,9023,ef35d360-851e-4522-9f50-499976c2c124,126,CallahansPassageHex,84,Mortar House,NONE,WARDENS
2025-06-24T23:53:42.251546+00:00,6d 06h 23m,9023,ef35d360-851e-4522-9f50-499976c2c124,126,CallahansPassageHex,84,Mortar House,WARDENS,NONE
2025-06-24T23:55:37.907400+00:00,6d 06h 25m,9025,ef35d360-851e-4522-9f50-499976c2c124,126,EndlessShoreHex,18,Shipyard,NONE,WARDENS
2025-06-25T00:03:08.907165+00:00,6d 06h 33m,9033,ef35d360-851e-4522-9f50-499976c2c124,126,LinnMercyHex,40,Component Mine,NONE,COLONIALS
2025-06-25T00:03:08.909549+00:00,6d 06h 33m,9033,ef35d360-851e-4522-9f50-499976c2c124,126,LinnMercyHex,18,Shipyard,NONE,COLONIALS
2025-06-25T00:04:23.795469+00:00,6d 06h 34m,9034,ef35d360-851e-4522-9f50-499976c2c124,126,FishermansRowHex,45,Relic Base 1,COLONIALS,NONE
2025-06-25T00:05:36.101681+00:00,6d 06h 35m,9035,ef35d360-851e-4522-9f50-499976c2c124,126,LinnMercyHex,40,Component Mine,COLONIALS,NONE
2025-06-25T00:06:52.316373+00:00,6d 06h 36m,9036,ef35d360-851e-4522-9f50-499976c2c124,126,FishermansRowHex,45,Relic Base 1,NONE,WARDENS
2025-06-25T00:16:45.396528+00:00,6d 06h 46m,9046,ef35d360-851e-4522-9f50-499976c2c124,126,LochMorHex,35,Garrison Station,WARDENS,NONE
2025-06-25T00:21:54.128005+00:00,6d 06h 51m,9051,ef35d360-851e-4522-9f50-499976c2c124,126,CallahansPassageHex,84,Mortar House,WARDENS,NONE
2025-06-25T00:26:26.955517+00:00,6d 06h 56m,9056,ef35d360-851e-4522-9f50-499976c2c124,126,FishermansRowHex,28,Observation Tower,COLONIALS,NONE
2025-06-25T00:26:40.910192+00:00,6d 06h 56m,9056,ef35d360-851e-4522-9f50-499976c2c124,126,TempestIslandHex,45,Relic Base 1,WARDENS,NONE
2025-06-25T00:34:19.866503+00:00,6d 07h 04m,9064,ef35d360-851e-4522-9f50-499976c2c124,126,FishermansRowHex,28,Observation Tower,NONE,WARDENS
2025-06-25T00:36:00.020703+00:00,6d 07h 05m,9065,ef35d360-851e-4522-9f50-499976c2c124,126,CallahansPassageHex,84,Mortar House,NONE,WARDENS
2025-06-25T00:37:38.903137+00:00,6d 07h 07m,9067,ef35d360-851e-4522-9f50-499976c2c124,126,CallahansPassageHex,84,Mortar House,WARDENS,NONE
2025-06-25T00:43:26.093613+00:00,6d 07h 13m,9073,ef35d360-851e-4522-9f50-499976c2c124,126,CallahansPassageHex,84,Mortar House,NONE,WARDENS
2025-06-25T00:48:52.058958+00:00,6d 07h 18m,9078,ef35d360-851e-4522-9f50-499976c2c124,126,CallahansPassageHex,35,Garrison Station,NONE,WARDENS
2025-06-25T00:49:17.538503+00:00,6d 07h 19m,9079,ef35d360-851e-4522-9f50-499976c2c124,126,CallahansPassageHex,84,Mortar House,NONE,WARDENS
2025-06-25T00:50:07.037411+00:00,6d 07h 19m,9080,ef35d360-851e-4522-9f50-499976c2c124,126,CallahansPassageHex,45,Relic Base 1,WARDENS,NONE
2025-06-25T00:50:22.393179+00:00,6d 07h 20m,9080,ef35d360-851e-4522-9f50-499976c2c124,126,EndlessShoreHex,56,Town Base 1,NONE,COLONIALS
2025-06-25T00:51:41.259233+00:00,6d 07h 21m,9081,ef35d360-851e-4522-9f50-499976c2c124,126,LochMorHex,35,Garrison Station,NONE,WARDENS
2025-06-25T00:58:41.998131+00:00,6d 07h 28m,9088,ef35d360-851e-4522-9f50-499976c2c124,126,LinnMercyHex,18,Shipyard,COLONIALS,NONE
2025-06-25T02:54:08.793938+00:00,6d 09h 24m,9204,ef35d360-851e-4522-9f50-499976c2c124,126,TempestIslandHex,45,Relic Base 1,NONE,COLONIALS
2025-06-25T02:54:11.422430+00:00,6d 09h 24m,9204,ef35d360-851e-4522-9f50-499976c2c124,126,EndlessShoreHex,56,Town Base 1,WARDENS,COLONIALS
2025-06-25T02:54:20.522723+00:00,6d 09h 24m,9204,ef35d360-851e-4522-9f50-499976c2c124,126,CallahansPassageHex,45,Relic Base 1,NONE,COLONIALS
2025-06-25T02:54:20.525164+00:00,6d 09h 24m,9204,ef35d360-851e-4522-9f50-499976c2c124,126,CallahansPassageHex,84,Mortar House,WARDENS,NONE
2025-06-25T02:54:20.527516+00:00,6d 09h 24m,9204,ef35d360-851e-4522-9f50-499976c2c124,126,CallahansPassageHex,84,Mortar House,WARDENS,NONE
2025-06-25T02:54:20.536549+00:00,6d 09h 24m,9204,ef35d360-851e-4522-9f50-499976c2c124,126,CallahansPassageHex,35,Garrison Station,WARDENS,NONE
2025-06-25T02:54:20.865755+00:00,6d 09h 24m,9204,ef35d360-851e-4522-9f50-499976c2c124,126,KingsCageHex,33,Storage Facility,NONE,COLONIALS
2025-06-25T03:13:20.267097+00:00,6d 09h 43m,9223,ef35d360-851e-4522-9f50-499976c2c124,126,LochMorHex,35,Garrison Station,WARDENS,NONE
2025-06-25T03:13:48.632914+00:00,6d 09h 43m,9223,ef35d360-851e-4522-9f50-499976c2c124,126,LinnMercyHex,33,Storage Facility,COLONIALS,NONE
2025-06-25T03:26:26.579578+00:00,6d 09h 56m,9236,ef35d360-851e-4522-9f50-499976c2c124,126,CallahansPassageHex,56,Town Base 1,NONE,COLONIALS
2025-06-25T03:34:09.195371+00:00,6d 10h 04m,9244,ef35d360-851e-4522-9f50-499976c2c124,126,LochMorHex,84,Mortar House,WARDENS,NONE
2025-06-25T03:37:10.223419+00:00,6d 10h 07m,9247,ef35d360-851e-4522-9f50-499976c2c124,126,LinnMercyHex,45,Relic Base 1,WARDENS,NONE
2025-06-25T03:39:37.983989+00:00,6d 10h 09m,9249,ef35d360-851e-4522-9f50-499976c2c124,126,LinnMercyHex,45,Relic Base 1,NONE,COLONIALS
2025-06-25T03:50:37.513838+00:00,6d 10h 20m,9260,ef35d360-851e-4522-9f50-499976c2c124,126,EndlessShoreHex,45,Relic Base 1,COLONIALS,NONE
2025-06-25T03:51:01.578572+00:00,6d 10h 20m,9260,ef35d360-851e-4522-9f50-499976c2c124,126,EndlessShoreHex,45,Relic Base 1,NONE,WARDENS
2025-06-25T03:53:51.374895+00:00,6d 10h 23m,9263,ef35d360-851e-4522-9f50-499976c2c124,126,EndlessShoreHex,45,Relic Base 1,WARDENS,NONE
2025-06-25T04:05:31.657008+00:00,6d 10h 35m,9275,ef35d360-851e-4522-9f50-499976c2c124,126,EndlessShoreHex,45,Relic Base 1,NONE,COLONIALS
2025-06-25T04:19:29.085921+00:00,6d 10h 49m,9289,ef35d360-851e-4522-9f50-499976c2c124,126,StlicanShelfHex,75,Facility Mine Oil Rig,NONE,WARDENS
2025-06-25T04:22:13.484314+00:00,6d 10h 52m,9292,ef35d360-851e-4522-9f50-499976c2c124,126,MorgensCrossingHex,75,Facility Mine Oil Rig,NONE,WARDENS
2025-06-25T04:29:25.064056+00:00,6d 10h 59m,9299,ef35d360-851e-4522-9f50-499976c2c124,126,TempestIslandHex,53,Coal Factory,NONE,COLONIALS
2025-06-25T04:34:43.743585+00:00,6d 11h 04m,9304,ef35d360-851e-4522-9f50-499976c2c124,126,LochMorHex,84,Mortar House,NONE,WARDENS
2025-06-25T04:35:04.869703+00:00,6d 11h 04m,9304,ef35d360-851e-4522-9f50-499976c2c124,126,EndlessShoreHex,28,Observation Tower,COLONIALS,NONE
2025-06-25T04:50:20.747684+00:00,6d 11h 20m,9320,ef35d360-851e-4522-9f50-499976c2c124,126,LinnMercyHex,40,Component Mine,NONE,COLONIALS
2025-06-25T04:56:25.568604+00:00,6d 11h 26m,9326,ef35d360-851e-4522-9f50-499976c2c124,126,OarbreakerHex,75,Facility Mine Oil Rig,NONE,WARDENS
2025-06-25T05:00:34.702427+00:00,6d 11h 30m,9330,ef35d360-851e-4522-9f50-499976c2c124,126,CallahansPassageHex,45,Relic Base 1,WARDENS,NONE
2025-06-25T05:03:52.083747+00:00,6d 11h 33m,9333,ef35d360-851e-4522-9f50-499976c2c124,126,LinnMercyHex,33,Storage Facility,NONE,COLONIALS
2025-06-25T05:04:39.527249+00:00,6d 11h 34m,9334,ef35d360-851e-4522-9f50-499976c2c124,126,LinnMercyHex,33,Storage Facility,COLONIALS,NONE
2025-06-25T05:07:02.835247+00:00,6d 11h 36m,9336,ef35d360-851e-4522-9f50-499976c2c124,126,LinnMercyHex,33,Storage Facility,NONE,COLONIALS
2025-06-25T05:07:45.087464+00:00,6d 11h 37m,9337,ef35d360-851e-4522-9f50-499976c2c124,126,OarbreakerHex,75,Facility Mine Oil Rig,NONE,WARDENS
2025-06-25T05:09:35.092952+00:00,6d 11h 39m,9339,ef35d360-851e-4522-9f50-499976c2c124,126,FarranacCoastHex,52,Seaport,NONE,WARDENS
2025-06-25T05:11:02.768354+00:00,6d 11h 40m,9340,ef35d360-851e-4522-9f50-499976c2c124,126,LochMorHex,84,Mortar House,NONE,WARDENS
2025-06-25T05:11:02.771315+00:00,6d 11h 40m,9340,ef35d360-851e-4522-9f50-499976c2c124,126,LochMorHex,35,Garrison Station,NONE,WARDENS
2025-06-25T05:12:14.280403+00:00,6d 11h 42m,9342,ef35d360-851e-4522-9f50-499976c2c124,126,LochMorHex,35,Garrison Station,WARDENS,NONE
2025-06-25T05:19:01.379722+00:00,6d 11h 48m,9348,ef35d360-851e-4522-9f50-499976c2c124,126,LinnMercyHex,40,Component Mine,COLONIALS,NONE
2025-06-25T05:21:32.258866+00:00,6d 11h 51m,9351,ef35d360-851e-4522-9f50-499976c2c124,126,NevishLineHex,75,Facility Mine Oil Rig,NONE,WARDENS
2025-06-25T05:25:31.937173+00:00,6d 11h 55m,9355,ef35d360-851e-4522-9f50-499976c2c124,126,FarranacCoastHex,35,Garrison Station,WARDENS,NONE
2025-06-25T05:28:40.391658+00:00,6d 11h 58m,9358,ef35d360-851e-4522-9f50-499976c2c124,126,CallahansPassageHex,45,Relic Base 1,NONE,WARDENS
2025-06-25T05:30:08.577066+00:00,6d 12h 00m,9360,ef35d360-851e-4522-9f50-499976c2c124,126,LochMorHex,35,Garrison Station,NONE,WARDENS
2025-06-25T05:31:03.319873+00:00,6d 12h 00m,9360,ef35d360-851e-4522-9f50-499976c2c124,126,FarranacCoastHex,35,Garrison Station,NONE,WARDENS
2025-06-25T05:31:50.687087+00:00,6d 12h 01m,9361,ef35d360-851e-4522-9f50-499976c2c124,126,FarranacCoastHex,35,Garrison Station,WARDENS,NONE
2025-06-25T05:35:27.278009+00:00,6d 12h 05m,9365,ef35d360-851e-4522-9f50-499976c2c124,126,FarranacCoastHex,35,Garrison Station,NONE,WARDENS
2025-06-25T05:35:51.275863+00:00,6d 12h 05m,9365,ef35d360-851e-4522-9f50-499976c2c124,126,FarranacCoastHex,35,Garrison Station,WARDENS,NONE
2025-06-25T05:37:52.064270+00:00,6d 12h 07m,9367,ef35d360-851e-4522-9f50-499976c2c124,126,FarranacCoastHex,35,Garrison Station,NONE,WARDENS
2025-06-25T05:38:55.809939+00:00,6d 12h 08m,9368,ef35d360-851e-4522-9f50-499976c2c124,126,EndlessShoreHex,28,Observation Tower,NONE,COLONIALS
2025-06-25T05:45:27.071374+00:00,6d 12h 15m,9375,ef35d360-851e-4522-9f50-499976c2c124,126,LochMorHex,40,Component Mine,NONE,WARDENS
2025-06-25T05:48:39.518924+00:00,6d 12h 18m,9378,ef35d360-851e-4522-9f50-499976c2c124,126,LochMorHex,40,Component Mine,WARDENS,NONE
2025-06-25T06:16:20.371827+00:00,6d 12h 46m,9406,ef35d360-851e-4522-9f50-499976c2c124,126,LochMorHex,35,Garrison Station,WARDENS,NONE
2025-06-25T06:17:51.155090+00:00,6d 12h 47m,9407,ef35d360-851e-4522-9f50-499976c2c124,126,FarranacCoastHex,52,Seaport,WARDENS,NONE
2025-06-25T06:29:36.503567+00:00,6d 12h 59m,9419,ef35d360-851e-4522-9f50-499976c2c124,126,WestgateHex,75,Facility Mine Oil Rig,NONE,COLONIALS
2025-06-25T06:30:00.732859+00:00,6d 12h 59m,9419,ef35d360-851e-4522-9f50-499976c2c124,126,WestgateHex,75,Facility Mine Oil Rig,COLONIALS,NONE
2025-06-25T06:30:53.893359+00:00,6d 13h 00m,9420,ef35d360-851e-4522-9f50-499976c2c124,126,LochMorHex,35,Garrison Station,NONE,WARDENS
2025-06-25T06:34:38.472046+00:00,6d 13h 04m,9424,ef35d360-851e-4522-9f50-499976c2c124,126,WestgateHex,75,Facility Mine Oil Rig,NONE,COLONIALS
2025-06-26T00:29:20.718462+00:00,7d 06h 59m,10499,ef35d360-851e-4522-9f50-499976c2c124,126,TheFingersHex,75,Facility Mine Oil Rig,NONE,COLONIALS
2025-06-26T00:29:20.721097+00:00,7d 06h 59m,10499,ef35d360-851e-4522-9f50-499976c2c124,126,TheFingersHex,75,Facility Mine Oil Rig,NONE,COLONIALS
2025-06-26T00:29:23.974524+00:00,7d 06h 59m,10499,ef35d360-851e-4522-9f50-499976c2c124,126,TempestIslandHex,84,Mortar House,NONE,WARDENS
2025-06-26T00:29:23.977097+00:00,7d 06h 59m,10499,ef35d360-851e-4522-9f50-499976c2c124,126,TempestIslandHex,28,Observation Tower,NONE,COLONIALS
2025-06-26T00:29:23.979707+00:00,7d 06h 59m,10499,ef35d360-851e-4522-9f50-499976c2c124,126,TempestIslandHex,18,Shipyard,NONE,WARDENS
2025-06-26T00:29:23.982253+00:00,7d 06h 59m,10499,ef35d360-851e-4522-9f50-499976c2c124,126,TempestIslandHex,35,Garrison Station,NONE,COLONIALS
2025-06-26T00:29:23.985071+00:00,7d 06h 59m,10499,ef35d360-851e-4522-9f50-499976c2c124,126,TempestIslandHex,45,Relic Base 1,COLONIALS,WARDENS
2025-06-26T00:29:26.262753+00:00,7d 06h 59m,10499,ef35d360-851e-4522-9f50-499976c2c124,126,MarbanHollow,18,Shipyard,NONE,WARDENS
2025-06-26T00:29:35.502631+00:00,7d 06h 59m,10499,ef35d360-851e-4522-9f50-499976c2c124,126,StemaLandingHex,75,Facility Mine Oil Rig,NONE,COLONIALS
2025-06-26T00:29:41.356987+00:00,7d 06h 59m,10499,ef35d360-851e-4522-9f50-499976c2c124,126,DeadLandsHex,84,Mortar House,NONE,COLONIALS
2025-06-26T00:29:41.359604+00:00,7d 06h 59m,10499,ef35d360-851e-4522-9f50-499976c2c124,126,DeadLandsHex,84,Mortar House,NONE,COLONIALS
2025-06-26T00:29:41.362200+00:00,7d 06h 59m,10499,ef35d360-851e-4522-9f50-499976c2c124,126,DeadLandsHex,35,Garrison Station,NONE,COLONIALS
2025-06-26T00:30:04.590157+00:00,7d 06h 59m,10499,ef35d360-851e-4522-9f50-499976c2c124,126,EndlessShoreHex,28,Observation Tower,COLONIALS,WARDENS
2025-06-26T00:30:04.592899+00:00,7d 06h 59m,10499,ef35d360-851e-4522-9f50-499976c2c124,126,EndlessShoreHex,56,Town Base 1,COLONIALS,WARDENS
2025-06-26T00:30:04.595507+00:00,7d 06h 59m,10499,ef35d360-851e-4522-9f50-499976c2c124,126,EndlessShoreHex,39,Construction Yard,COLONIALS,NONE
2025-06-26T00:30:04.598939+00:00,7d 06h 59m,10499,ef35d360-851e-4522-9f50-499976c2c124,126,EndlessShoreHex,33,Storage Facility,COLONIALS,NONE
2025-06-26T00:30:04.601935+00:00,7d 06h 59m,10499,ef35d360-851e-4522-9f50-499976c2c124,126,EndlessShoreHex,84,Mortar House,COLONIALS,NONE
2025-06-26T00:30:04.604646+00:00,7d 06h 59m,10499,ef35d360-851e-4522-9f50-499976c2c124,126,EndlessShoreHex,34,Factory,COLONIALS,NONE
2025-06-26T00:30:04.608338+00:00,7d 06h 59m,10499,ef35d360-851e-4522-9f50-499976c2c124,126,EndlessShoreHex,56,Town Base 1,COLONIALS,NONE
2025-06-26T00:30:04.611046+00:00,7d 06h 59m,10499,ef35d360-851e-4522-9f50-499976c2c124,126,EndlessShoreHex,18,Shipyard,COLONIALS,NONE
2025-06-26T00:30:04.613960+00:00,7d 06h 59m,10499,ef35d360-851e-4522-9f50-499976c2c124,126,EndlessShoreHex,35,Garrison Station,COLONIALS,NONE
2025-06-26T00:30:04.616835+00:00,7d 06h 59m,10499,ef35d360-851e-4522-9f50-499976c2c124,126,EndlessShoreHex,35,Garrison Station,COLONIALS,NONE
2025-06-26T00:30:16.637949+00:00,7d 07h 00m,10500,ef35d360-851e-4522-9f50-499976c2c124,126,OarbreakerHex,75,Facility Mine Oil Rig,WARDENS,NONE
2025-06-26T00:30:44.566810+00:00,7d 07h 00m,10500,ef35d360-851e-4522-9f50-499976c2c124,126,ReaversPassHex,75,Facility Mine Oil Rig,NONE,COLONIALS
2025-06-26T00:30:56.873173+00:00,7d 07h 00m,10500,ef35d360-851e-4522-9f50-499976c2c124,126,LochMorHex,84,Mortar House,NONE,COLONIALS
2025-06-26T00:30:56.875912+00:00,7d 07h 00m,10500,ef35d360-851e-4522-9f50-499976c2c124,126,LochMorHex,18,Shipyard,WARDENS,NONE
2025-06-26T00:30:56.878374+00:00,7d 07h 00m,10500,ef35d360-851e-4522-9f50-499976c2c124,126,LochMorHex,18,Shipyard,WARDENS,NONE
2025-06-26T00:31:34.433334+00:00,7d 07h 01m,10501,ef35d360-851e-4522-9f50-499976c2c124,126,OriginHex,75,Facility Mine Oil Rig,NONE,COLONIALS
2025-06-26T00:32:04.470957+00:00,7d 07h 01m,10501,ef35d360-851e-4522-9f50-499976c2c124,126,LinnMercyHex,18,Shipyard,NONE,COLONIALS
2025-06-26T00:32:04.473707+00:00,7d 07h 01m,10501,ef35d360-851e-4522-9f50-499976c2c124,126,LinnMercyHex,35,Garrison Station,NONE,COLONIALS
2025-06-26T00:32:11.821181+00:00,7d 07h 02m,10502,ef35d360-851e-4522-9f50-499976c2c124,126,GodcroftsHex,18,Shipyard,WARDENS,NONE
2025-06-26T00:32:28.806415+00:00,7d 07h 02m,10502,ef35d360-851e-4522-9f50-499976c2c124,126,FishermansRowHex,35,Garrison Station,NONE,WARDENS
2025-06-26T00:33:19.798103+00:00,7d 07h 03m,10503,ef35d360-851e-4522-9f50-499976c2c124,126,CallahansPassageHex,35,Garrison Station,NONE,COLONIALS
2025-06-26T00:33:19.801089+00:00,7d 07h 03m,10503,ef35d360-851e-4522-9f50-499976c2c124,126,CallahansPassageHex,84,Mortar House,WARDENS,NONE
2025-06-26T00:33:19.803918+00:00,7d 07h 03m,10503,ef35d360-851e-4522-9f50-499976c2c124,126,CallahansPassageHex,84,Mortar House,WARDENS,NONE
2025-06-26T00:33:19.806722+00:00,7d 07h 03m,10503,ef35d360-851e-4522-9f50-499976c2c124,126,CallahansPassageHex,35,Garrison Station,WARDENS,NONE
2025-06-26T00:33:19.809736+00:00,7d 07h 03m,10503,ef35d360-851e-4522-9f50-499976c2c124,126,CallahansPassageHex,35,Garrison Station,WARDENS,NONE
2025-06-26T00:46:22.342682+00:00,7d 07h 16m,10516,ef35d360-851e-4522-9f50-499976c2c124,126,GodcroftsHex,75,Facility Mine Oil Rig,NONE,WARDENS
2025-06-26T00:46:24.682394+00:00,7d 07h 16m,10516,ef35d360-851e-4522-9f50-499976c2c124,126,CallahansPassageHex,56,Town Base 1,COLONIALS,NONE
2025-06-26T00:48:07.003722+00:00,7d 07h 17m,10518,ef35d360-851e-4522-9f50-499976c2c124,126,CallahansPassageHex,56,Town Base 1,NONE,COLONIALS
2025-06-26T00:49:14.210977+00:00,7d 07h 19m,10519,ef35d360-851e-4522-9f50-499976c2c124,126,CallahansPassageHex,56,Town Base 1,COLONIALS,NONE
2025-06-26T00:52:00.710578+00:00,7d 07h 21m,10521,ef35d360-851e-4522-9f50-499976c2c124,126,GodcroftsHex,75,Facility Mine Oil Rig,NONE,WARDENS
2025-06-26T00:54:18.387280+00:00,7d 07h 24m,10524,ef35d360-851e-4522-9f50-499976c2c124,126,KingsCageHex,38,Salvage Mine,NONE,WARDENS
2025-06-26T00:55:25.606916+00:00,7d 07h 25m,10525,ef35d360-851e-4522-9f50-499976c2c124,126,CallahansPassageHex,56,Town Base 1,NONE,COLONIALS
2025-06-26T00:55:59.772624+00:00,7d 07h 25m,10525,ef35d360-851e-4522-9f50-499976c2c124,126,KingsCageHex,38,Salvage Mine,WARDENS,NONE
2025-06-26T00:57:41.048414+00:00,7d 07h 27m,10527,ef35d360-851e-4522-9f50-499976c2c124,126,KingsCageHex,38,Salvage Mine,NONE,WARDENS
2025-06-26T00:58:08.273371+00:00,7d 07h 28m,10528,ef35d360-851e-4522-9f50-499976c2c124,126,LochMorHex,18,Shipyard,NONE,WARDENS
2025-06-26T00:58:48.380442+00:00,7d 07h 28m,10528,ef35d360-851e-4522-9f50-499976c2c124,126,CallahansPassageHex,56,Town Base 1,COLONIALS,NONE
2025-06-26T00:59:22.318435+00:00,7d 07h 29m,10529,ef35d360-851e-4522-9f50-499976c2c124,126,CallahansPassageHex,56,Town Base 1,NONE,COLONIALS
2025-06-26T00:59:22.636042+00:00,7d 07h 29m,10529,ef35d360-851e-4522-9f50-499976c2c124,126,KingsCageHex,38,Salvage Mine,WARDENS,NONE
2025-06-26T01:00:27.490917+00:00,7d 07h 30m,10530,ef35d360-851e-4522-9f50-499976c2c124,126,LinnMercyHex,35,Garrison Station,COLONIALS,NONE
2025-06-26T01:05:41.936151+00:00,7d 07h 35m,10535,ef35d360-851e-4522-9f50-499976c2c124,126,CallahansPassageHex,56,Town Base 1,COLONIALS,NONE
2025-06-26T01:08:24.947394+00:00,7d 07h 38m,10538,ef35d360-851e-4522-9f50-499976c2c124,126,LochMorHex,18,Shipyard,NONE,WARDENS
2025-06-26T01:11:10.964800+00:00,7d 07h 41m,10541,ef35d360-851e-4522-9f50-499976c2c124,126,EndlessShoreHex,56,Town Base 1,WARDENS,NONE
2025-06-26T01:11:20.047286+00:00,7d 07h 41m,10541,ef35d360-851e-4522-9f50-499976c2c124,126,KingsCageHex,33,Storage Facility,COLONIALS,NONE
2025-06-26T01:13:36.118280+00:00,7d 07h 43m,10543,ef35d360-851e-4522-9f50-499976c2c124,126,CallahansPassageHex,56,Town Base 1,NONE,COLONIALS
2025-06-26T01:14:44.487852+00:00,7d 07h 44m,10544,ef35d360-851e-4522-9f50-499976c2c124,126,CallahansPassageHex,56,Town Base 1,COLONIALS,NONE
2025-06-26T01:16:17.870227+00:00,7d 07h 46m,10546,ef35d360-851e-4522-9f50-499976c2c124,126,EndlessShoreHex,56,Town Base 1,NONE,WARDENS
2025-06-26T01:28:14.826302+00:00,7d 07h 58m,10558,ef35d360-851e-4522-9f50-499976c2c124,126,LinnMercyHex,35,Garrison Station,NONE,COLONIALS
2025-06-26T01:28:17.846384+00:00,7d 07h 58m,10558,ef35d360-851e-4522-9f50-499976c2c124,126,CallahansPassageHex,56,Town Base 1,NONE,COLONIALS
2025-06-26T01:29:59.048075+00:00,7d 07h 59m,10559,ef35d360-851e-4522-9f50-499976c2c124,126,CallahansPassageHex,56,Town Base 1,COLONIALS,NONE
2025-06-26T01:33:21.578815+00:00,7d 08h 03m,10563,ef35d360-851e-4522-9f50-499976c2c124,126,CallahansPassageHex,56,Town Base 1,NONE,COLONIALS
2025-06-26T01:33:55.786603+00:00,7d 08h 03m,10563,ef35d360-851e-4522-9f50-499976c2c124,126,CallahansPassageHex,56,Town Base 1,COLONIALS,NONE
2025-06-26T01:40:00.061499+00:00,7d 08h 09m,10569,ef35d360-851e-4522-9f50-499976c2c124,126,TempestIslandHex,18,Shipyard,WARDENS,NONE
2025-06-26T01:42:54.858131+00:00,7d 08h 12m,10572,ef35d360-851e-4522-9f50-499976c2c124,126,LochMorHex,84,Mortar House,NONE,COLONIALS
2025-06-26T01:50:23.402575+00:00,7d 08h 20m,10580,ef35d360-851e-4522-9f50-499976c2c124,126,CallahansPassageHex,56,Town Base 1,NONE,COLONIALS
2025-06-26T01:50:49.230914+00:00,7d 08h 20m,10580,ef35d360-851e-4522-9f50-499976c2c124,126,OarbreakerHex,75,Facility Mine Oil Rig,NONE,WARDENS
2025-06-26T01:54:49.225415+00:00,7d 08h 24m,10584,ef35d360-851e-4522-9f50-499976c2c124,126,EndlessShoreHex,56,Town Base 1,WARDENS,NONE
2025-06-26T01:58:57.870947+00:00,7d 08h 28m,10588,ef35d360-851e-4522-9f50-499976c2c124,126,CallahansPassageHex,56,Town Base 1,COLONIALS,NONE
2025-06-26T02:01:44.196710+00:00,7d 08h 31m,10591,ef35d360-851e-4522-9f50-499976c2c124,126,EndlessShoreHex,56,Town Base 1,NONE,WARDENS
2025-06-26T02:01:56.922387+00:00,7d 08h 31m,10591,ef35d360-851e-4522-9f50-499976c2c124,126,CallahansPassageHex,56,Town Base 1,NONE,COLONIALS
2025-06-26T02:02:31.484824+00:00,7d 08h 32m,10592,ef35d360-851e-4522-9f50-499976c2c124,126,CallahansPassageHex,56,Town Base 1,COLONIALS,NONE
2025-06-26T02:02:31.791400+00:00,7d 08h 32m,10592,ef35d360-851e-4522-9f50-499976c2c124,126,KingsCageHex,33,Storage Facility,NONE,COLONIALS
2025-06-26T02:04:15.477977+00:00,7d 08h 34m,10594,ef35d360-851e-4522-9f50-499976c2c124,126,CallahansPassageHex,56,Town Base 1,NONE,COLONIALS
2025-06-26T02:04:50.314884+00:00,7d 08h 34m,10594,ef35d360-851e-4522-9f50-499976c2c124,126,CallahansPassageHex,56,Town Base 1,COLONIALS,NONE
2025-06-26T02:09:28.607532+00:00,7d 08h 39m,10599,ef35d360-851e-4522-9f50-499976c2c124,126,CallahansPassageHex,56,Town Base 1,NONE,COLONIALS
2025-06-26T02:10:03.612838+00:00,7d 08h 39m,10599,ef35d360-851e-4522-9f50-499976c2c124,126,CallahansPassageHex,56,Town Base 1,COLONIALS,NONE
2025-06-26T02:10:38.624534+00:00,7d 08h 40m,10600,ef35d360-851e-4522-9f50-499976c2c124,126,CallahansPassageHex,56,Town Base 1,NONE,COLONIALS
2025-06-26T02:13:34.484386+00:00,7d 08h 43m,10603,ef35d360-851e-4522-9f50-499976c2c124,126,CallahansPassageHex,56,Town Base 1,COLONIALS,NONE
2025-06-26T02:14:09.224429+00:00,7d 08h 44m,10604,ef35d360-851e-4522-9f50-499976c2c124,126,CallahansPassageHex,56,Town Base 1,NONE,COLONIALS
2025-06-26T02:15:18.945583+00:00,7d 08h 45m,10605,ef35d360-851e-4522-9f50-499976c2c124,126,CallahansPassageHex,56,Town Base 1,COLONIALS,NONE
2025-06-26T02:25:28.573269+00:00,7d 08h 55m,10615,ef35d360-851e-4522-9f50-499976c2c124,126,CallahansPassageHex,56,Town Base 1,NONE,COLONIALS
2025-06-26T02:27:03.822335+00:00,7d 08h 56m,10616,ef35d360-851e-4522-9f50-499976c2c124,126,CallahansPassageHex,56,Town Base 1,COLONIALS,NONE
2025-06-26T02:28:13.986416+00:00,7d 08h 58m,10618,ef35d360-851e-4522-9f50-499976c2c124,126,CallahansPassageHex,56,Town Base 1,NONE,COLONIALS
2025-06-26T02:31:08.681934+00:00,7d 09h 01m,10621,ef35d360-851e-4522-9f50-499976c2c124,126,CallahansPassageHex,56,Town Base 1,COLONIALS,NONE
2025-06-26T02:42:25.275762+00:00,7d 09h 12m,10632,ef35d360-851e-4522-9f50-499976c2c124,126,CallahansPassageHex,56,Town Base 1,NONE,COLONIALS
2025-06-26T02:42:59.744575+00:00,7d 09h 12m,10632,ef35d360-851e-4522-9f50-499976c2c124,126,CallahansPassageHex,56,Town Base 1,COLONIALS,NONE
2025-06-26T02:47:00.892592+00:00,7d 09h 16m,10636,ef35d360-851e-4522-9f50-499976c2c124,126,CallahansPassageHex,56,Town Base 1,NONE,COLONIALS
2025-06-26T02:47:35.232765+00:00,7d 09h 17m,10637,ef35d360-851e-4522-9f50-499976c2c124,126,CallahansPassageHex,56,Town Base 1,COLONIALS,NONE
2025-06-26T02:48:09.665931+00:00,7d 09h 18m,10638,ef35d360-851e-4522-9f50-499976c2c124,126,CallahansPassageHex,56,Town Base 1,NONE,COLONIALS
2025-06-26T02:48:43.836112+00:00,7d 09h 18m,10638,ef35d360-851e-4522-9f50-499976c2c124,126,CallahansPassageHex,56,Town Base 1,COLONIALS,NONE
2025-06-26T02:56:22.113685+00:00,7d 09h 26m,10646,ef35d360-851e-4522-9f50-499976c2c124,126,CallahansPassageHex,56,Town Base 1,NONE,COLONIALS
2025-06-26T03:00:19.419982+00:00,7d 09h 30m,10650,ef35d360-851e-4522-9f50-499976c2c124,126,CallahansPassageHex,56,Town Base 1,COLONIALS,NONE
2025-06-26T03:16:00.058766+00:00,7d 09h 45m,10665,ef35d360-851e-4522-9f50-499976c2c124,126,CallahansPassageHex,56,Town Base 1,NONE,WARDENS
2025-06-26T03:25:56.142975+00:00,7d 09h 55m,10675,ef35d360-851e-4522-9f50-499976c2c124,126,FarranacCoastHex,84,Mortar House,WARDENS,NONE
2025-06-26T03:53:05.006190+00:00,7d 10h 22m,10702,ef35d360-851e-4522-9f50-499976c2c124,126,AllodsBightHex,45,Relic Base 1,WARDENS,NONE
2025-06-26T04:24:38.520478+00:00,7d 10h 54m,10734,ef35d360-851e-4522-9f50-499976c2c124,126,CallahansPassageHex,52,Seaport,WARDENS,NONE
2025-06-26T04:33:14.822500+00:00,7d 11h 03m,10743,ef35d360-851e-4522-9f50-499976c2c124,126,AllodsBightHex,45,Relic Base 1,NONE,COLONIALS
2025-06-26T04:36:12.897459+00:00,7d 11h 06m,10746,ef35d360-851e-4522-9f50-499976c2c124,126,LinnMercyHex,18,Shipyard,COLONIALS,NONE
2025-06-26T06:49:08.954164+00:00,7d 13h 19m,10879,ef35d360-851e-4522-9f50-499976c2c124,126,FarranacCoastHex,84,Mortar House,NONE,WARDENS
2025-06-26T06:58:44.534014+00:00,7d 13h 28m,10888,ef35d360-851e-4522-9f50-499976c2c124,126,EndlessShoreHex,56,Town Base 1,NONE,WARDENS
2025-06-26T06:58:56.263036+00:00,7d 13h 28m,10888,ef35d360-851e-4522-9f50-499976c2c124,126,FarranacCoastHex,18,Shipyard,WARDENS,NONE
2025-06-26T07:00:01.426021+00:00,7d 13h 29m,10889,ef35d360-851e-4522-9f50-499976c2c124,126,AllodsBightHex,18,Shipyard,NONE,COLONIALS
2025-06-26T07:25:27.808820+00:00,7d 13h 55m,10915,ef35d360-851e-4522-9f50-499976c2c124,126,DeadLandsHex,35,Garrison Station,NONE,COLONIALS
2025-06-26T07:51:05.102079+00:00,7d 14h 20m,10940,ef35d360-851e-4522-9f50-499976c2c124,126,FarranacCoastHex,18,Shipyard,NONE,COLONIALS
2025-06-26T07:54:56.013699+00:00,7d 14h 24m,10944,ef35d360-851e-4522-9f50-499976c2c124,126,FarranacCoastHex,84,Mortar House,NONE,WARDENS
2025-06-26T08:07:50.819923+00:00,7d 14h 37m,10957,ef35d360-851e-4522-9f50-499976c2c124,126,CallahansPassageHex,56,Town Base 1,COLONIALS,NONE
2025-06-26T08:30:05.700876+00:00,7d 14h 59m,10979,ef35d360-851e-4522-9f50-499976c2c124,126,CallahansPassageHex,56,Town Base 1,NONE,COLONIALS
2025-06-26T09:50:55.715530+00:00,7d 16h 20m,11060,ef35d360-851e-4522-9f50-499976c2c124,126,TempestIslandHex,84,Mortar House,NONE,COLONIALS
2025-06-26T09:51:06.136292+00:00,7d 16h 20m,11060,ef35d360-851e-4522-9f50-499976c2c124,126,LinnMercyHex,40,Component Mine,NONE,COLONIALS
2025-06-26T09:57:17.764456+00:00,7d 16h 27m,11067,ef35d360-851e-4522-9f50-499976c2c124,126,LinnMercyHex,40,Component Mine,COLONIALS,NONE
2025-06-26T10:05:47.890248+00:00,7d 16h 35m,11075,ef35d360-851e-4522-9f50-499976c2c124,126,AllodsBightHex,18,Shipyard,NONE,COLONIALS
2025-06-26T10:12:25.842912+00:00,7d 16h 42m,11082,ef35d360-851e-4522-9f50-499976c2c124,126,WestgateHex,75,Facility Mine Oil Rig,COLONIALS,NONE
2025-06-26T10:27:38.563794+00:00,7d 16h 57m,11097,ef35d360-851e-4522-9f50-499976c2c124,126,EndlessShoreHex,56,Town Base 1,WARDENS,NONE
2025-06-26T10:28:15.212371+00:00,7d 16h 58m,11098,ef35d360-851e-4522-9f50-499976c2c124,126,EndlessShoreHex,56,Town Base 1,NONE,COLONIALS
2025-06-26T10:38:11.300722+00:00,7d 17h 08m,11108,ef35d360-851e-4522-9f50-499976c2c124,126,CallahansPassageHex,45,Relic Base 1,COLONIALS,NONE
2025-06-26T10:39:28.793677+00:00,7d 17h 09m,11109,ef35d360-851e-4522-9f50-499976c2c124,126,CallahansPassageHex,45,Relic Base 1,NONE,WARDENS
2025-06-26T10:47:46.728298+00:00,7d 17h 17m,11117,ef35d360-851e-4522-9f50-499976c2c124,126,MarbanHollow,40,Component Mine,NONE,WARDENS
2025-06-26T10:47:56.146570+00:00,7d 17h 17m,11117,ef35d360-851e-4522-9f50-499976c2c124,126,LinnMercyHex,33,Storage Facility,COLONIALS,NONE
2025-06-26T10:50:12.839193+00:00,7d 17h 20m,11120,ef35d360-851e-4522-9f50-499976c2c124,126,MarbanHollow,40,Component Mine,WARDENS,NONE
2025-06-26T10:59:27.496590+00:00,7d 17h 29m,11129,ef35d360-851e-4522-9f50-499976c2c124,126,EndlessShoreHex,56,Town Base 1,NONE,WARDENS
2025-06-26T11:04:56.211653+00:00,7d 17h 34m,11134,ef35d360-851e-4522-9f50-499976c2c124,126,WestgateHex,18,Shipyard,COLONIALS,NONE
2025-06-26T11:05:44.199444+00:00,7d 17h 35m,11135,ef35d360-851e-4522-9f50-499976c2c124,126,FarranacCoastHex,56,Town Base 1,WARDENS,NONE
2025-06-26T11:11:15.774630+00:00,7d 17h 41m,11141,ef35d360-851e-4522-9f50-499976c2c124,126,FarranacCoastHex,56,Town Base 1,NONE,WARDENS
2025-06-26T11:11:52.617838+00:00,7d 17h 41m,11141,ef35d360-851e-4522-9f50-499976c2c124,126,FarranacCoastHex,56,Town Base 1,WARDENS,NONE
2025-06-26T11:13:06.583680+00:00,7d 17h 42m,11142,ef35d360-851e-4522-9f50-499976c2c124,126,FarranacCoastHex,56,Town Base 1,NONE,COLONIALS
2025-06-26T11:18:49.974020+00:00,7d 17h 48m,11148,ef35d360-851e-4522-9f50-499976c2c124,126,CallahansPassageHex,56,Town Base 1,COLONIALS,NONE
2025-06-26T11:23:25.376259+00:00,7d 17h 53m,11153,ef35d360-851e-4522-9f50-499976c2c124,126,CallahansPassageHex,56,Town Base 1,NONE,WARDENS
2025-06-26T11:24:38.394431+00:00,7d 17h 54m,11154,ef35d360-851e-4522-9f50-499976c2c124,126,CallahansPassageHex,56,Town Base 1,WARDENS,NONE
2025-06-26T11:27:04.000087+00:00,7d 17h 56m,11156,ef35d360-851e-4522-9f50-499976c2c124,126,CallahansPassageHex,56,Town Base 1,NONE,COLONIALS
2025-06-26T11:39:15.950226+00:00,7d 18h 09m,11169,ef35d360-851e-4522-9f50-499976c2c124,126,GodcroftsHex,75,Facility Mine Oil Rig,WARDENS,NONE
2025-06-26T11:45:25.596510+00:00,7d 18h 15m,11175,ef35d360-851e-4522-9f50-499976c2c124,126,LinnMercyHex,33,Storage Facility,NONE,COLONIALS
2025-06-26T12:00:48.658079+00:00,7d 18h 30m,11190,ef35d360-851e-4522-9f50-499976c2c124,126,LinnMercyHex,40,Component Mine,NONE,COLONIALS
2025-06-26T12:03:51.239098+00:00,7d 18h 33m,11193,ef35d360-851e-4522-9f50-499976c2c124,126,LinnMercyHex,40,Component Mine,COLONIALS,NONE
2025-06-26T12:17:54.675441+00:00,7d 18h 47m,11207,ef35d360-851e-4522-9f50-499976c2c124,126,GodcroftsHex,75,Facility Mine Oil Rig,WARDENS,NONE
2025-06-26T13:00:17.429431+00:00,7d 19h 30m,11250,ef35d360-851e-4522-9f50-499976c2c124,126,LinnMercyHex,45,Relic Base 1,COLONIALS,NONE
2025-06-26T13:01:23.219373+00:00,7d 19h 31m,11251,ef35d360-851e-4522-9f50-499976c2c124,126,EndlessShoreHex,45,Relic Base 1,COLONIALS,NONE
2025-06-26T13:02:44.253446+00:00,7d 19h 32m,11252,ef35d360-851e-4522-9f50-499976c2c124,126,EndlessShoreHex,45,Relic Base 1,NONE,WARDENS
2025-06-26T13:20:34.437288+00:00,7d 19h 50m,11270,ef35d360-851e-4522-9f50-499976c2c124,126,LinnMercyHex,45,Relic Base 1,NONE,WARDENS
2025-06-26T13:22:51.091444+00:00,7d 19h 52m,11272,ef35d360-851e-4522-9f50-499976c2c124,126,TempestIslandHex,18,Shipyard,NONE,WARDENS
2025-06-26T13:35:37.463740+00:00,7d 20h 05m,11285,ef35d360-851e-4522-9f50-499976c2c124,126,TempestIslandHex,18,Shipyard,WARDENS,NONE
2025-06-26T13:54:06.251102+00:00,7d 20h 23m,11303,ef35d360-851e-4522-9f50-499976c2c124,126,FarranacCoastHex,56,Town Base 1,COLONIALS,NONE
2025-06-26T14:05:05.502118+00:00,7d 20h 34m,11314,ef35d360-851e-4522-9f50-499976c2c124,126,FarranacCoastHex,56,Town Base 1,NONE,WARDENS
2025-06-26T14:24:07.476398+00:00,7d 20h 53m,11334,ef35d360-851e-4522-9f50-499976c2c124,126,StlicanShelfHex,75,Facility Mine Oil Rig,WARDENS,NONE
2025-06-26T14:32:06.129535+00:00,7d 21h 01m,11341,ef35d360-851e-4522-9f50-499976c2c124,126,KingsCageHex,56,Town Base 1,NONE,COLONIALS
2025-06-26T14:43:31.318525+00:00,7d 21h 13m,11353,ef35d360-851e-4522-9f50-499976c2c124,126,MarbanHollow,18,Shipyard,NONE,COLONIALS
2025-06-26T14:59:25.977928+00:00,7d 21h 29m,11369,ef35d360-851e-4522-9f50-499976c2c124,126,LochMorHex,40,Component Mine,NONE,WARDENS
2025-06-26T15:03:06.309631+00:00,7d 21h 32m,11372,ef35d360-851e-4522-9f50-499976c2c124,126,LochMorHex,40,Component Mine,WARDENS,NONE
2025-06-26T15:17:53.562646+00:00,7d 21h 47m,11387,ef35d360-851e-4522-9f50-499976c2c124,126,FarranacCoastHex,56,Town Base 1,WARDENS,NONE
2025-06-26T15:45:33.793137+00:00,7d 22h 15m,11415,ef35d360-851e-4522-9f50-499976c2c124,126,AllodsBightHex,18,Shipyard,NONE,COLONIALS
2025-06-26T15:52:22.933135+00:00,7d 22h 22m,11422,ef35d360-851e-4522-9f50-499976c2c124,126,KingsCageHex,35,Garrison Station,NONE,COLONIALS
2025-06-26T16:08:51.495136+00:00,7d 22h 38m,11438,ef35d360-851e-4522-9f50-499976c2c124,126,EndlessShoreHex,45,Relic Base 1,WARDENS,NONE
2025-06-26T16:09:40.214626+00:00,7d 22h 39m,11439,ef35d360-851e-4522-9f50-499976c2c124,126,FarranacCoastHex,18,Shipyard,NONE,WARDENS
2025-06-26T16:12:33.273119+00:00,7d 22h 42m,11442,ef35d360-851e-4522-9f50-499976c2c124,126,EndlessShoreHex,45,Relic Base 1,NONE,COLONIALS
2025-06-26T16:13:58.898791+00:00,7d 22h 43m,11443,ef35d360-851e-4522-9f50-499976c2c124,126,FarranacCoastHex,56,Town Base 1,NONE,WARDENS
2025-06-26T16:35:23.932674+00:00,7d 23h 05m,11465,ef35d360-851e-4522-9f50-499976c2c124,126,FarranacCoastHex,18,Shipyard,NONE,WARDENS
2025-06-26T16:42:31.141425+00:00,7d 23h 12m,11472,ef35d360-851e-4522-9f50-499976c2c124,126,TheFingersHex,38,Salvage Mine,NONE,COLONIALS
2025-06-26T16:44:21.400397+00:00,7d 23h 14m,11474,ef35d360-851e-4522-9f50-499976c2c124,126,TheFingersHex,38,Salvage Mine,COLONIALS,NONE
2025-06-26T17:35:38.618908+00:00,8d 00h 05m,11525,ef35d360-851e-4522-9f50-499976c2c124,126,FarranacCoastHex,38,Salvage Mine,NONE,WARDENS
2025-06-26T17:37:32.009079+00:00,8d 00h 07m,11527,ef35d360-851e-4522-9f50-499976c2c124,126,FarranacCoastHex,38,Salvage Mine,WARDENS,NONE
2025-06-26T17:38:36.290098+00:00,8d 00h 08m,11528,ef35d360-851e-4522-9f50-499976c2c124,126,LochMorHex,40,Component Mine,NONE,WARDENS
2025-06-26T17:40:26.257111+00:00,8d 00h 10m,11530,ef35d360-851e-4522-9f50-499976c2c124,126,LochMorHex,40,Component Mine,WARDENS,NONE
2025-06-26T17:40:34.251573+00:00,8d 00h 10m,11530,ef35d360-851e-4522-9f50-499976c2c124,126,CallahansPassageHex,38,Salvage Mine,NONE,COLONIALS
2025-06-26T17:44:23.495551+00:00,8d 00h 14m,11534,ef35d360-851e-4522-9f50-499976c2c124,126,CallahansPassageHex,38,Salvage Mine,NONE,COLONIALS
2025-06-26T17:44:23.495762+00:00,8d 00h 14m,11534,ef35d360-851e-4522-9f50-499976c2c124,126,CallahansPassageHex,38,Salvage Mine,COLONIALS,NONE
2025-06-26T17:44:25.003310+00:00,8d 00h 14m,11534,ef35d360-851e-4522-9f50-499976c2c124,126,FarranacCoastHex,38,Salvage Mine,NONE,WARDENS
2025-06-26T17:46:15.868016+00:00,8d 00h 16m,11536,ef35d360-851e-4522-9f50-499976c2c124,126,CallahansPassageHex,38,Salvage Mine,COLONIALS,NONE
2025-06-26T17:46:17.598976+00:00,8d 00h 16m,11536,ef35d360-851e-4522-9f50-499976c2c124,126,FarranacCoastHex,38,Salvage Mine,WARDENS,NONE
2025-06-26T17:53:41.021905+00:00,8d 00h 23m,11543,ef35d360-851e-4522-9f50-499976c2c124,126,CallahansPassageHex,45,Relic Base 1,WARDENS,NONE
2025-06-26T18:03:39.960145+00:00,8d 00h 33m,11553,ef35d360-851e-4522-9f50-499976c2c124,126,TempestIslandHex,18,Shipyard,COLONIALS,NONE
2025-06-26T18:07:40.147826+00:00,8d 00h 37m,11557,ef35d360-851e-4522-9f50-499976c2c124,126,StlicanShelfHex,75,Facility Mine Oil Rig,NONE,WARDENS
2025-06-26T18:10:39.645659+00:00,8d 00h 40m,11560,ef35d360-851e-4522-9f50-499976c2c124,126,TempestIslandHex,38,Salvage Mine,NONE,WARDENS
2025-06-26T18:12:32.452678+00:00,8d 00h 42m,11562,ef35d360-851e-4522-9f50-499976c2c124,126,TempestIslandHex,38,Salvage Mine,NONE,WARDENS
2025-06-26T18:12:32.452875+00:00,8d 00h 42m,11562,ef35d360-851e-4522-9f50-499976c2c124,126,TempestIslandHex,38,Salvage Mine,WARDENS,NONE
2025-06-26T18:14:34.732562+00:00,8d 00h 44m,11564,ef35d360-851e-4522-9f50-499976c2c124,126,TempestIslandHex,38,Salvage Mine,WARDENS,NONE
2025-06-26T18:17:15.504359+00:00,8d 00h 47m,11567,ef35d360-851e-4522-9f50-499976c2c124,126,GodcroftsHex,75,Facility Mine Oil Rig,NONE,WARDENS
2025-06-26T18:22:07.816120+00:00,8d 00h 51m,11572,ef35d360-851e-4522-9f50-499976c2c124,126,GodcroftsHex,75,Facility Mine Oil Rig,NONE,WARDENS
2025-06-26T18:24:40.342570+00:00,8d 00h 54m,11574,ef35d360-851e-4522-9f50-499976c2c124,126,CallahansPassageHex,45,Relic Base 1,NONE,COLONIALS
2025-06-26T18:26:17.018055+00:00,8d 00h 56m,11576,ef35d360-851e-4522-9f50-499976c2c124,126,TempestIslandHex,18,Shipyard,NONE,WARDENS
2025-06-26T18:26:55.427340+00:00,8d 00h 56m,11576,ef35d360-851e-4522-9f50-499976c2c124,126,DeadLandsHex,84,Mortar House,NONE,COLONIALS
2025-06-26T18:27:32.879441+00:00,8d 00h 57m,11577,ef35d360-851e-4522-9f50-499976c2c124,126,EndlessShoreHex,56,Town Base 1,WARDENS,NONE
2025-06-26T18:28:20.875407+00:00,8d 00h 58m,11578,ef35d360-851e-4522-9f50-499976c2c124,126,KingsCageHex,45,Relic Base 1,COLONIALS,NONE
2025-06-26T18:28:49.822175+00:00,8d 00h 58m,11578,ef35d360-851e-4522-9f50-499976c2c124,126,LochMorHex,40,Component Mine,NONE,WARDENS
2025-06-26T18:30:42.139337+00:00,8d 01h 00m,11580,ef35d360-851e-4522-9f50-499976c2c124,126,LochMorHex,40,Component Mine,WARDENS,NONE
2025-06-26T18:31:26.694341+00:00,8d 01h 01m,11581,ef35d360-851e-4522-9f50-499976c2c124,126,KingsCageHex,45,Relic Base 1,NONE,WARDENS
2025-06-26T18:32:04.250487+00:00,8d 01h 01m,11581,ef35d360-851e-4522-9f50-499976c2c124,126,KingsCageHex,45,Relic Base 1,WARDENS,NONE
2025-06-26T18:33:17.729110+00:00,8d 01h 03m,11583,ef35d360-851e-4522-9f50-499976c2c124,126,KingsCageHex,45,Relic Base 1,NONE,WARDENS
2025-06-26T18:35:39.651410+00:00,8d 01h 05m,11585,ef35d360-851e-4522-9f50-499976c2c124,126,EndlessShoreHex,56,Town Base 1,NONE,WARDENS
2025-06-26T18:52:38.270223+00:00,8d 01h 22m,11602,ef35d360-851e-4522-9f50-499976c2c124,126,TempestIslandHex,18,Shipyard,COLONIALS,NONE
2025-06-26T19:02:37.794170+00:00,8d 01h 32m,11612,ef35d360-851e-4522-9f50-499976c2c124,126,TempestIslandHex,28,Observation Tower,COLONIALS,NONE
2025-06-26T19:13:20.225119+00:00,8d 01h 43m,11623,ef35d360-851e-4522-9f50-499976c2c124,126,ClahstraHex,38,Salvage Mine,NONE,COLONIALS
2025-06-26T19:15:55.133135+00:00,8d 01h 45m,11625,ef35d360-851e-4522-9f50-499976c2c124,126,LochMorHex,32,Storage Facility,NONE,WARDENS
2025-06-26T19:15:57.712735+00:00,8d 01h 45m,11625,ef35d360-851e-4522-9f50-499976c2c124,126,ClahstraHex,38,Salvage Mine,COLONIALS,NONE
2025-06-26T19:15:59.203134+00:00,8d 01h 45m,11625,ef35d360-851e-4522-9f50-499976c2c124,126,LinnMercyHex,33,Storage Facility,COLONIALS,NONE
2025-06-26T19:17:44.914454+00:00,8d 01h 47m,11627,ef35d360-851e-4522-9f50-499976c2c124,126,LochMorHex,32,Storage Facility,WARDENS,NONE
2025-06-26T19:20:48.336260+00:00,8d 01h 50m,11630,ef35d360-851e-4522-9f50-499976c2c124,126,LochMorHex,32,Storage Facility,NONE,WARDENS
2025-06-26T19:23:16.967313+00:00,8d 01h 53m,11633,ef35d360-851e-4522-9f50-499976c2c124,126,LochMorHex,32,Storage Facility,WARDENS,NONE
2025-06-26T19:29:21.204052+00:00,8d 01h 59m,11639,ef35d360-851e-4522-9f50-499976c2c124,126,TempestIslandHex,18,Shipyard,COLONIALS,NONE
2025-06-26T19:41:04.815200+00:00,8d 02h 10m,11650,ef35d360-851e-4522-9f50-499976c2c124,126,FishermansRowHex,28,Observation Tower,WARDENS,NONE
2025-06-26T19:51:54.439966+00:00,8d 02h 21m,11661,ef35d360-851e-4522-9f50-499976c2c124,126,LinnMercyHex,33,Storage Facility,NONE,COLONIALS
2025-06-26T19:54:30.106943+00:00,8d 02h 24m,11664,ef35d360-851e-4522-9f50-499976c2c124,126,FarranacCoastHex,18,Shipyard,COLONIALS,NONE
2025-06-26T20:15:15.927492+00:00,8d 02h 45m,11685,ef35d360-851e-4522-9f50-499976c2c124,126,KingsCageHex,35,Garrison Station,COLONIALS,NONE
2025-06-26T20:22:22.950099+00:00,8d 02h 52m,11692,ef35d360-851e-4522-9f50-499976c2c124,126,LochMorHex,84,Mortar House,WARDENS,NONE
2025-06-26T20:35:38.339948+00:00,8d 03h 05m,11705,ef35d360-851e-4522-9f50-499976c2c124,126,EndlessShoreHex,56,Town Base 1,COLONIALS,NONE
2025-06-26T20:42:08.587445+00:00,8d 03h 12m,11712,ef35d360-851e-4522-9f50-499976c2c124,126,FarranacCoastHex,18,Shipyard,NONE,WARDENS
2025-06-26T20:44:41.072064+00:00,8d 03h 14m,11714,ef35d360-851e-4522-9f50-499976c2c124,126,GodcroftsHex,45,Relic Base 1,WARDENS,NONE
2025-06-26T20:47:31.988655+00:00,8d 03h 17m,11717,ef35d360-851e-4522-9f50-499976c2c124,126,GodcroftsHex,45,Relic Base 1,NONE,WARDENS
2025-06-26T20:55:57.631566+00:00,8d 03h 25m,11725,ef35d360-851e-4522-9f50-499976c2c124,126,TempestIslandHex,28,Observation Tower,COLONIALS,NONE
2025-06-26T21:20:57.068934+00:00,8d 03h 50m,11750,ef35d360-851e-4522-9f50-499976c2c124,126,TempestIslandHex,38,Salvage Mine,NONE,WARDENS
2025-06-26T21:22:52.117237+00:00,8d 03h 52m,11752,ef35d360-851e-4522-9f50-499976c2c124,126,TempestIslandHex,38,Salvage Mine,WARDENS,NONE
2025-06-26T21:33:43.365087+00:00,8d 04h 03m,11763,ef35d360-851e-4522-9f50-499976c2c124,126,EndlessShoreHex,56,Town Base 1,WARDENS,NONE
2025-06-26T21:35:12.740388+00:00,8d 04h 05m,11765,ef35d360-851e-4522-9f50-499976c2c124,126,KingsCageHex,33,Storage Facility,COLONIALS,NONE
2025-06-26T21:36:58.605798+00:00,8d 04h 06m,11766,ef35d360-851e-4522-9f50-499976c2c124,126,EndlessShoreHex,56,Town Base 1,NONE,WARDENS
2025-06-26T21:52:14.101894+00:00,8d 04h 22m,11782,ef35d360-851e-4522-9f50-499976c2c124,126,TempestIslandHex,38,Salvage Mine,NONE,COLONIALS
2025-06-26T21:53:53.874554+00:00,8d 04h 23m,11783,ef35d360-851e-4522-9f50-499976c2c124,126,TempestIslandHex,38,Salvage Mine,COLONIALS,NONE
2025-06-26T21:53:53.874815+00:00,8d 04h 23m,11783,ef35d360-851e-4522-9f50-499976c2c124,126,TempestIslandHex,18,Shipyard,WARDENS,NONE
2025-06-26T22:00:21.651555+00:00,8d 04h 30m,11790,ef35d360-851e-4522-9f50-499976c2c124,126,TempestIslandHex,40,Component Mine,NONE,COLONIALS
2025-06-26T22:02:28.631197+00:00,8d 04h 32m,11792,ef35d360-851e-4522-9f50-499976c2c124,126,KingsCageHex,56,Town Base 1,NONE,WARDENS
2025-06-26T22:02:51.493131+00:00,8d 04h 32m,11792,ef35d360-851e-4522-9f50-499976c2c124,126,TempestIslandHex,40,Component Mine,COLONIALS,NONE
2025-06-26T22:03:05.844971+00:00,8d 04h 32m,11792,ef35d360-851e-4522-9f50-499976c2c124,126,KingsCageHex,56,Town Base 1,WARDENS,NONE
2025-06-26T22:03:44.150134+00:00,8d 04h 33m,11793,ef35d360-851e-4522-9f50-499976c2c124,126,KingsCageHex,56,Town Base 1,NONE,WARDENS
2025-06-26T22:04:50.485197+00:00,8d 04h 34m,11794,ef35d360-851e-4522-9f50-499976c2c124,126,LochMorHex,84,Mortar House,NONE,WARDENS
2025-06-26T22:06:45.028056+00:00,8d 04h 36m,11796,ef35d360-851e-4522-9f50-499976c2c124,126,TempestIslandHex,28,Observation Tower,NONE,COLONIALS
2025-06-26T22:36:52.802181+00:00,8d 05h 06m,11826,ef35d360-851e-4522-9f50-499976c2c124,126,CallahansPassageHex,45,Relic Base 1,WARDENS,NONE
2025-06-26T22:48:10.406590+00:00,8d 05h 18m,11838,ef35d360-851e-4522-9f50-499976c2c124,126,CallahansPassageHex,45,Relic Base 1,NONE,COLONIALS
2025-06-26T22:51:22.200081+00:00,8d 05h 21m,11841,ef35d360-851e-4522-9f50-499976c2c124,126,LinnMercyHex,56,Town Base 1,NONE,WARDENS
2025-06-26T22:54:18.828557+00:00,8d 05h 24m,11844,ef35d360-851e-4522-9f50-499976c2c124,126,TempestIslandHex,38,Salvage Mine,NONE,WARDENS
2025-06-26T22:56:48.245246+00:00,8d 05h 26m,11846,ef35d360-851e-4522-9f50-499976c2c124,126,TempestIslandHex,38,Salvage Mine,WARDENS,NONE
2025-06-26T23:36:03.646565+00:00,8d 06h 05m,11885,ef35d360-851e-4522-9f50-499976c2c124,126,TheFingersHex,75,Facility Mine Oil Rig,COLONIALS,NONE
2025-06-26T23:37:56.519055+00:00,8d 06h 07m,11887,ef35d360-851e-4522-9f50-499976c2c124,126,TheFingersHex,75,Facility Mine Oil Rig,COLONIALS,NONE
2025-06-26T23:46:46.450561+00:00,8d 06h 16m,11896,ef35d360-851e-4522-9f50-499976c2c124,126,LinnMercyHex,35,Garrison Station,COLONIALS,NONE
2025-06-27T00:29:12.835019+00:00,8d 06h 59m,11939,ef35d360-851e-4522-9f50-499976c2c124,126,FishermansRowHex,28,Observation Tower,NONE,WARDENS
2025-06-27T00:50:27.559436+00:00,8d 07h 20m,11960,ef35d360-851e-4522-9f50-499976c2c124,126,KingsCageHex,56,Town Base 1,WARDENS,NONE
